Nombre,Destacado,Publicado,Problemas,Detalle problemas,Revisado,Nombre sugerido,Cambio,Estado,Tipo,RUC,Sitio web,Facebook,LinkedIn,Instagram,Confianza,Notas,Nombre original
ABANTEK S.A.C.,No,Sí,0,,Sí,ABANTEK S.A.C.,,OK,Empresa,20107215396,,,,,media,"Razon social SUNAT: ABANTEK S.A.C. (Lima, venta de maquinaria y equipo). Directorios la reportan en Baja de Oficio / suspension temporal (universidadperu, paginaspyme). Sin sitio web visto. No confundir con Abantec SAC. [2026-09-30] Nombre: formato aplicado. [2026-09-30] Revisado: baja-liquidacion aceptado.",ABANTEK SAC
ABC LOGISTICA S.A.C.,No,Sí,0,,Sí,ABC LOGISTICA S.A.C.,,OK,Empresa,20521848279,https://mudansastransportesabc.blogspot.com/,,,,media,"Razon social ABC LOGISTICA S.A.C., Los Olivos, transporte de carga y almacenamiento (datosperu, universidadperu). El blog aparece titulado ABC LOGISTICA SAC pero no se verifico que sea el sitio oficial. Homonimo distinto: Corporacion ABC Logistics SAC (RUC 20557024116). [2026-09-30] Nombre: formato aplicado. [2026-09-30] Decision del dueño: se conserva el enlace (algunas empresas solo tienen blog o redes).",ABC LOGISTICA SAC
ACUA TERRA S.A.C.,No,Sí,0,,,ACUA TERRA S.A.C.,,OK,Empresa,20547639309,,,,,media,"SUNAT la registra como ACUA - TERRA S.A.C. (con guion), Santiago de Surco, ACTIVO/HABIDO (ruc.pe). Sin sitio web visto. No confundir con Gruppo Acqua Terra SAC ni Terra Aqua Peru SAC. [2026-09-30] Nombre: formato aplicado.",ACUA TERRA S.A.C
ADN PERU E.I.R.L.,No,Sí,0,,,ADN PERU E.I.R.L.,,OK,Empresa,20519487340,,,,,media,"ADN PERU E.I.R.L., La Molina, ACTIVO/HABIDO, rubro agricola (ruc.pe, datosperu). Sin sitio web oficial visto; la pagina de Facebook ADN PERU oficial encontrada es de otro rubro (television). [2026-09-30] Nombre: formato aplicado.",ADN PERU EIRL
AGFA GEVAERT LIMITADA SUCURSAL DEL PERU,Sí,Sí,0,,Sí,AGFA GEVAERT LIMITADA SUCURSAL DEL PERU,,OK,Empresa,20511902208,https://agfa.com,,,,alta,"SUNAT: AGFA - GEVAERT LIMITADA - SUCURSAL DEL PERU (con guiones), Santiago de Surco, ACTIVO/HABIDO (ruc.pe). Dominio agfa.com visto solo en telefono.pe, no visitado. [2026-09-30] Decision del dueño: sucursal local de multinacional; identidad global validada, el sitio sirve para el logo.",AGFA GEVAERT LIMITADA SUCURSAL DEL PERU
AGRO AVICOLA SAN JOSE S.A.C.,No,Sí,0,,Sí,AGRO AVICOLA SAN JOSE S.A.C.,,DUDOSO,Empresa,,,,,,baja,"Unica candidata: LOGISTICA Y AGRO AVICOLA SAN JOSE S.A.C. (RUC 20604795762, Magdalena del Mar, transporte de carga, nombre comercial San Jose Operaciones, universidadperu); el nombre difiere por el prefijo LOGISTICA Y. No se hallo empresa con el nombre exacto. [2026-09-30] Decision del dueño: identidad no confirmada; se conserva el nombre registrado (no se importa el RUC).",AGRO AVICOLA SAN JOSE S.A.C.
AGRO GESTION S.A.C.,No,Sí,0,,,AGRO GESTION S.A.C.,,OK,Empresa,20502202732,https://www.agro-gestion.com,,,,media,"AGRO GESTION S.A.C., Santiago de Surco, ACTIVO/HABIDO, apoyo a la agricultura (datosperu, empresasruc). Sitio visto en resultados de busqueda. Homonimo distinto: Agro Gestion Peru SAC (Chimbote, RUC 20615893405).",AGRO GESTION S.A.C.
AGROEXPORTACIONES NOR PERU S.A.C.,Sí,Sí,0,,,AGROEXPORTACIONES NOR PERU S.A.C.,,OK,Empresa,20522001563,https://agronorperu.com/,https://www.facebook.com/agronorperu/,https://pe.linkedin.com/company/agronorperu,https://www.instagram.com/agronor_peru/,alta,"Nombre comercial Agronorperu, San Miguel, banano organico y limon (datosperu, universidadperu, compuempresa). Exportador activo segun veritrade. Redes y sitio vistos en resultados. [2026-09-30] Nombre: formato aplicado.",AGROEXPORTACIONES NOR PERU S.A.C
ALASKA INTERNACIONAL S.A.,Sí,Sí,0,,,ALASKA INTERNACIONAL S.A.,,CORREGIDO,Empresa,20336157871,https://alaska.pe,,,,alta,"Solo se corrige el formato S A a S.A. Domicilio fiscal Lima, ACTIVO/HABIDO (ruc.pe, datosperu). Sitio alaska.pe visto en resultados y en universidadperu. [2026-09-30] Nombre: formato aplicado.",ALASKA INTERNACIONAL S A
ALBIS S.A.,No,Sí,0,,Sí,ALBIS S.A.,,DUDOSO,Empresa,,,,,,baja,"Varias candidatas: ALBIS S.A.C. (antes Albis S.A., RUC 20418140551, boticas Arcangel/Mifarma/Inkafarma, Baja Definitiva); DISTRIBUIDORA ALBIS S.A. (RUC 20100156777, Surquillo); ALBIS DATA S.A. (RUC 20100354811). Fuentes: universidadperu, datosperu, comxport. No se pudo decidir. [2026-09-30] Decision del dueño: identidad no confirmada; se conserva el nombre registrado (no se importa el RUC).",ALBIS S.A.
ALE IMPOSER E.I.R.L.,No,Sí,0,,,ALE IMPOSER E.I.R.L.,,CORREGIDO,Empresa,20265339370,,,,,media,"Se corrige el formato E I R L a E.I.R.L. ruc.pe la lista como ALE IMPOSER EIRL, Jesus Maria, ACTIVO/HABIDO; otros directorios (universidadperu, compuempresa) la muestran como S.A.C. Sin sitio web visto. [2026-09-30] Nombre: formato aplicado.",ALE IMPOSER E I R L
ALEJANDRO GALVEZ SEMPERTEGUI,No,Sí,0,,,,,PERSONA_NATURAL,Persona natural,,,,,,,,ALEJANDRO GALVEZ SEMPERTEGUI
ALEPH IMPRESIONES S.R.L.,No,Sí,0,,,ALEPH IMPRESIONES S.R.L.,,CORREGIDO,Empresa,20258078048,,,,,media,"Imprenta en Lince, ACTIVO/HABIDO (ruc.pe, empresasruc). Formato societario normalizado. Algunos directorios (universidadperu, tramitesperu, datosperu) la listan como S.A.C.; la mayoria de fuentes dice SRL. Sin sitio web visto. [2026-09-30] Nombre: formato aplicado.",ALEPH IMPRESIONES S R L
ALFONSO ALBERTO VASQUEZ OBLITAS,No,Sí,0,,,,,PERSONA_NATURAL,Persona natural,,,,,,,,ALFONSO ALBERTO VASQUEZ OBLITAS
ALMACENES SANTA CLARA S.A.,No,Sí,0,,,ALMACENES SANTA CLARA S.A.,,CORREGIDO,Empresa,20100176701,,,,,media,"Typos ALMASENES/SNATA corregidos. SUNAT (datosperu.org): ALMACENES SANTA CLARA S.A, ACTIVO/HABIDO, San Borja; rubro venta de vehiculos (concesionario Kia). Sitio web oficial no visto en los resultados. [2026-09-30] Nombre: ortografia aplicado.",ALMASENES SNATA CLARA S.A
ANALISIS CLINICOS ML S.A.C.,No,Sí,0,,,ANALISIS CLINICOS ML S.A.C.,,OK,Empresa,20101333354,,,,,alta,"Laboratorio clinico en San Isidro, ACTIVO/HABIDO (ruc.pe, datosperu). Nombre comercial Precisa Laboratorio Clinico (universidadperu). Sin sitio web visto.",ANALISIS CLINICOS ML S.A.C.
ANTARES ADUANAS S.A.C.,Sí,Sí,0,,Sí,ANTARES ADUANAS S.A.C.,,OK,Empresa,20523301811,https://antaresaduanas.com/,,,,alta,"Agencia de aduanas en San Isidro, ACTIVO/HABIDO (ruc.pe, compuempresa). Dominio visto en resultados de busqueda (titulo Agencia aduanera en Peru | Antares Aduanas), no visitado. No confundir con Antares S.A. Agencia de Aduana (RUC 20108560861). [2026-09-30] Nombre: formato aplicado. [2026-09-30] Decision del dueño: sitio web abierto y verificado por el dueño.",ANTARES ADUANAS S.A.C
ARIES COMERCIAL S.A.C.,No,Sí,0,,,ARIES COMERCIAL S.A.C.,,OK,Empresa,20101420591,,,,,media,"ARIES COMERCIAL S.A.C., Bellavista (Callao), ferreteria y pinturas, ACTIVO/HABIDO (ruc.pe, datosperu). Nombre comercial Arcosa. Homonimos descartados: Corporacion Comercial Aries SAC y Aries del Peru SAC. Sin sitio web visto. [2026-09-30] Nombre: formato aplicado.",ARIES COMERCIAL SAC
ARKIN SOFTWARE TECHNOLOGIES S.C.R.L.,No,Sí,0,,Sí,ARKIN SOFTWARE TECHNOLOGIES S.C.R.L.,,CORREGIDO,Empresa,20518277244,,,,,media,"SUNAT: sociedad comercial de responsabilidad limitada, Jesus Maria (ruc.pe). perudalia y universidadperu indican EN LIQUIDACION. Dominio arkinsoftware.com visto solo en telefono.pe (directorio), no se incluye. [2026-09-30] Nombre: formato aplicado. [2026-09-30] Revisado: baja-liquidacion aceptado.",ARKIN SOFTWARE TECHNOLOGIES S C R L
ARMSTRONG S.R.L.,No,Sí,0,,,ARMSTRONG S.R.L.,,OK,Empresa,20303245520,,,,,media,"Consultoria empresarial en San Isidro, ACTIVO/HABIDO (ruc.pe, compuempresa). Datosperu la lista tambien como S.C.R.L. Nombre generico: no se descarta homonimo. Sin sitio web visto. [2026-09-30] Nombre: formato aplicado.",ARMSTRONG SRL
ASBRA SOLUCIONES LOGISTICAS S.A.C.,No,Sí,0,,,ASBRA SOLUCIONES LOGISTICAS S.A.C.,,OK,Empresa,20547847327,,,,,alta,"ASBRA SOLUCIONES LOGISTICAS S.A.C., Callao, ACTIVO/HABIDO (ruc.pe, compuempresa). Sin sitio web visto. [2026-09-30] Nombre: formato aplicado.",ASBRA SOLUCIONES LOGISTICAS SAC
ASOCIACION CULTURAL CRISTIANA DE LIDERAZGO,No,Sí,0,,Sí,ASOCIACION CULTURAL CRISTIANA DE LIDERAZGO,,DUDOSO,Asociacion/ONG,,,,,,baja,"Sin coincidencia exacta. Candidatas: ASOCIACION CENTROS DE FORMACION Y LIDERAZGO CRISTIANO DEL PERU- CENFOL PERU (RUC 20503668476, Miraflores, activa) y ASOCIACION ESCUELA CRISTIANA DE LIDERAZGO (RUC 20528363874, Iquitos). No se asigna RUC. [2026-09-30] Decision del dueño: identidad no confirmada; se conserva el nombre registrado (no se importa el RUC).",ASOCIACION CULTURAL CRISTIANA DE LIDERAZGO
ASOCIACION DE EXPORTADORES,Sí,Sí,0,,,ASOCIACION DE EXPORTADORES,,OK,Asociacion/ONG,20100365341,https://www.adexperu.org.pe/,,,,alta,"ADEX, San Borja, ACTIVO/HABIDO (ruc.pe, empresasruc). Sitio visto en resultados de busqueda (titulo ADEX - Inicio).",ASOCIACION DE EXPORTADORES
ASOCIACION DE PRODUCTORES DE CITRICOS DEL PERU,Sí,Sí,0,,,ASOCIACION DE PRODUCTORES DE CITRICOS DEL PERU,,CORREGIDO,Asociacion/ONG,20391043851,https://www.procitrus.org/,https://www.facebook.com/procitrus/,,https://www.instagram.com/procitrusperu/,alta,"Razon social SUNAT incluye el sufijo - PROCITRUS (ruc.pe, datosperu). La Victoria, ACTIVO/HABIDO. Sitio, Facebook e Instagram vistos en resultados de busqueda. [2026-09-30] Nombre: razon-social se conserva el nombre original.",ASOCIACION DE PRODUCTORES DE CITRICOS DEL PERU
ASOCIACION EDUCATIVA LA FONTANA,No,Sí,0,,,ASOCIACION EDUCATIVA LA FONTANA,,OK,Educativa,20516382041,,,,,alta,"Nombre comercial Grupo Trilce, La Molina, ACTIVO/HABIDO (ruc.pe, empresasruc). Sitio oficial no visto en resultados.",ASOCIACION EDUCATIVA LA FONTANA
ASOCIACION IGLESIA ADVENTISTA DEL SEPTIMO DIA PERUANA DEL NORTE,No,Sí,0,,,ASOCIACION IGLESIA ADVENTISTA DEL SEPTIMO DIA PERUANA DEL NORTE,,OK,Asociacion/ONG,20538633021,,,,,alta,"Organizacion religiosa, domicilio fiscal Chaclacayo, ACTIVO/HABIDO (ruc.pe, tramitesperu). Nombre comercial Iasdnorte. Sitio oficial no visto.",ASOCIACION IGLESIA ADVENTISTA DEL SEPTIMO DIA PERUANA DEL NORTE
ASOCIACION ORQUESTAS INFANTILES Y JUVENILES DEL PERU,Sí,Sí,0,,,ASOCIACION ORQUESTAS INFANTILES Y JUVENILES DEL PERU,,OK,Asociacion/ONG,20536869230,https://sinfoniaporelperu.org/,,,,alta,"Programa Sinfonia por el Peru, Miraflores, ACTIVO/HABIDO (ruc.pe, empresasruc). Sitio visto en resultados de busqueda. Facebook citado como Sinfoniaporelperu en operala.org pero URL completa no vista.",ASOCIACION ORQUESTAS INFANTILES Y JUVENILES DEL PERU
ASOCIACION CULTURAL LATINO AMERICANA,No,Sí,0,,Sí,ASOCIACION CULTURAL LATINO AMERICANA,,DUDOSO,Asociacion/ONG,,,,,,baja,"Ortografia probable: ASOCIACION CULTURAL LATINOAMERICANA. Candidatas: SOCIEDAD CULTURAL LATINOAMERICANA S.A.C. (RUC 20145906254, SISE, ensenanza superior; comxport.com la lista como Asociacion Cultural Latino-Americana), ASOCIACION CULTURAL LATINOAMERICANTO (RUC 20253073641, Miraflores), ASOCIACION CULTURAL LATINOAMERICANA DE INVESTIGACION Y DESARROLLO (Los Olivos). No se puede decidir cual es. [2026-09-30] Nombre: typo corregido (ASOCIASION CULTURAL LATINO AMERICANA -> ASOCIACION CULTURAL LATINO AMERICANA). [2026-09-30] Decision del dueño: identidad no confirmada; se conserva el nombre registrado (no se importa el RUC).",ASOCIASION CULTURAL LATINO AMERICANA
ASWAN TRADING CORP S.A.C.,No,Sí,0,,Sí,ASWAN TRADING CORP S.A.C.,,OK,Empresa,20506097585,,,,,media,San Juan de Miraflores. ruc.pe la muestra ACTIVO/HABIDO pero paginaspyme indica BAJA DE OFICIO: estado inconsistente entre directorios. Sin sitio web visto. [2026-09-30] Nombre: formato aplicado. [2026-09-30] Revisado: estado-contradictorio aceptado.,ASWAN TRADING CORP S.A.C
AUTOSERVICIOS LOS PORTALES S.A.C.,No,Sí,0,,Sí,AUTOSERVICIOS LOS PORTALES S.A.C.,,OK,Empresa,20138470530,,,,,media,"Nombre comercial Bocatta, San Borja. ruc.pe y anunciaenlinea: ACTIVO/HABIDO; universidadperu indica Baja de Oficio: estado inconsistente. Distinta de LOS PORTALES S.A. (RUC 20301837896). Sin sitio web visto. [2026-09-30] Revisado: estado-contradictorio aceptado.",AUTOSERVICIOS LOS PORTALES S.A.C.
B & S LABEL COMPANY S.A.C.,No,Sí,0,,,B & S LABEL COMPANY S.A.C.,,CORREGIDO,Empresa,20512725016,,,,,media,"Fabricacion de otros productos textiles (etiquetas), ACTIVO segun directorios (datosperu, perudalia, compuempresa). Formato societario normalizado. Dominio bslabel.com visto solo en telefono.pe (directorio), no se incluye. [2026-09-30] Nombre: formato aplicado.",B & S LABEL COMPANY S A C
BABARIA PERU S.A.C.,No,Sí,0,,,BABARIA PERU S.A.C.,,OK,Empresa,20535764515,,,,,alta,"SUNAT: BABARIA PERU S.A.C., San Borja/Surco, ACTIVO/HABIDO, importadora (ubicania, compuempresa). No confundir con Babaria AC SAC (Chilca). Sin sitio web visto. [2026-09-30] Nombre: formato aplicado.",BABARIA PERU SAC
BANCO DE CREDITO DEL PERU,Sí,Sí,0,,,BANCO DE CREDITO DEL PERU,,OK,Empresa,20100047218,https://www.viabcp.com/,,,,alta,"BCP, ACTIVO/HABIDO (ruc.pe, tramitesperu, bvl.com.pe). Sitio visto en resultados de busqueda (titulo Banco de Credito del Peru | ViaBCP).",BANCO DE CREDITO DEL PERU
BDO CONSULTING S.A.C.,No,Sí,0,,,BDO CONSULTING S.A.C.,,OK,Empresa,20389359841,,,,,alta,"BDO CONSULTING S.A.C., consultoria de gestion, Magdalena/San Isidro, ACTIVO/HABIDO (ruc.pe, empresasruc). Distinta de BDO Peru SAC. Sitio oficial no visto en resultados. [2026-09-30] Nombre: formato aplicado.",BDO CONSULTING SAC
BECERRA DELGADO AUBER,No,Sí,0,,,,,PERSONA_NATURAL,Persona natural,,,,,,,,BECERRA DELGADO AUBER
BECERRA PUENTE ARNAO ARQUITECTOS S.A.C.,No,Sí,0,,Sí,BECERRA PUENTE ARNAO ARQUITECTOS S.A.C.,,OK,Empresa,20498812237,,,,,media,Formato societario normalizado. Fuentes contradictorias: ruc.pe indica ACTIVO/HABIDO (Miraflores) pero paginaspyme.com indica BAJA DE OFICIO; verificar en SUNAT. [2026-09-30] Nombre: formato aplicado. [2026-09-30] Revisado: estado-contradictorio aceptado.,BECERRA PUENTE ARNAO ARQUITECTOS SAC
BELMAY S.A.C.,No,Sí,0,,Sí,BELMAY S.A.C.,,CORREGIDO,Empresa,20100139333,,,,,media,"Puntuacion S.-A.C. corregida. datosperu.org/universidadperu.com: BELMAY S.A.C., venta al por mayor (farmaceutico/drogueria), San Isidro; universidadperu.com la indica como EN LIQUIDACION. Sitio web no encontrado. [2026-09-30] Nombre: formato aplicado. [2026-09-30] Revisado: baja-liquidacion aceptado.",BELMAY S.-A.C.
BELTEC S.R.L.,No,Sí,0,,,BELTEC S.R.L.,,OK,Empresa,20343284714,,,,,alta,Razon social SUNAT: BELTEC SOCIEDAD COMERCIAL DE RESPONSABILIDAD LIMITADA (Lince). ACTIVO/HABIDO segun ruc.pe. Sin web encontrada. [2026-09-30] Nombre: formato aplicado.,BELTEC S.R.L
BEST BUSINESS S.A.C.,No,Sí,0,,Sí,BEST BUSINESS S.A.C.,,DUDOSO,Empresa,,,,,,baja,"Varias candidatas: BEST BUSINESS S.A.C. RUC 20486276763 (Lima, juegos de azar y apuestas) y BEST BUSINESS PERU S.A.C. RUC 20536177940 (Miraflores, importadora). No se puede decidir; fuentes: compuempresa.com, datosperu.org. [2026-09-30] Nombre: formato aplicado. [2026-09-30] Decision del dueño: identidad no confirmada; se conserva el nombre registrado (no se importa el RUC).",BEST BUSINESS SAC
BIOGROW PERU S.A.C.,No,Sí,0,,,BIOGROW PERU S.A.C.,,OK,Empresa,20524574161,,,,,alta,"ACTIVO/HABIDO en Santiago de Surco (ruc.pe, empresasruc.com). Venta mayorista de materias primas agropecuarias. Sin web encontrada.",BIOGROW PERU S.A.C.
BOSS-TECH S.A.C.,No,Sí,0,,,BOSS-TECH S.A.C.,,OK,Empresa,20507591303,,,,,alta,SUNAT figura como BOSS-TECH SOCIEDAD ANONIMA CERRADA (algunos directorios escriben BOSSTECH). ACTIVO/HABIDO en Santiago de Surco (ruc.pe). Sin web encontrada.,BOSS-TECH S.A.C.
BOTICA FRANCESA S.A.C.,No,Sí,0,,Sí,BOTICA FRANCESA S.A.C.,,DUDOSO,Empresa,,,,,,baja,"Dos candidatas: BOTICA FRANCESA S.A.C. RUC 20109950514 (farmacia; universidadperu.com la lista en liquidacion) y LABORATORIOS BOTICA FRANCESA S.A.C. RUC 20492060381 (San Isidro, activa). No se puede decidir. [2026-09-30] Decision del dueño: identidad no confirmada; se conserva el nombre registrado (no se importa el RUC).",BOTICA FRANCESA S.A.C.
BPO & MKT CORPORATION S.R.L.,No,Sí,0,,,BPO & MKT CORPORATION S.R.L.,,OK,Empresa,20536117378,,,,,media,Razon social SUNAT: BPO &MKT CORPORATION SOCIEDAD COMERCIAL DE RESPONSABILIDAD LIMITADA (Santiago de Surco). Estado del RUC no confirmado en los resultados. Sin web encontrada. [2026-09-30] Nombre: formato aplicado.,BPO & MKT CORPORATION S.R.L
BUSINESS COMPANY S.A.C.,No,Sí,0,,Sí,BUSINESS COMPANY S.A.C.,,DUDOSO,Empresa,,,,,,baja,"Typo probable (BUSINESS COMPANY). Existen BUSINESS COMPANY S.A.C. (Chupaca, Junin) y PERU BUSINESS COMPANY S.A.C. (Miraflores) en ruc.pe; sin evidencia suficiente para asignar RUC. [2026-09-30] Nombre: formato aplicado. [2026-09-30] Nombre: typo corregido (BUSINES COMPANY S.A.C. -> BUSINESS COMPANY S.A.C.). [2026-09-30] Decision del dueño: identidad no confirmada; se conserva el nombre registrado (no se importa el RUC).",BUSINES COMPANY SAC
CRJ CONSTRUCTORES S.A.C.,No,Sí,0,,,CRJ CONSTRUCTORES S.A.C.,,CORREGIDO,Empresa,20517497071,,,,,alta,Se unieron las iniciales (C R J -> CRJ). ACTIVO/HABIDO en Pueblo Libre (ruc.pe). Construccion de edificios. Sin web encontrada. [2026-09-30] Nombre: formato aplicado.,C R J CONSTRUCTORES S.A.C
CAFETALERA AMAZONICA S.A.C.,No,Sí,0,,,CAFETALERA AMAZONICA S.A.C.,,OK,Empresa,20473159644,,,,,alta,"ACTIVO/HABIDO (ruc.pe, empresasruc.com). Comercializadora de cafe. Sin web propia encontrada.",CAFETALERA AMAZONICA S.A.C.
CAMPOS ABOGADOS EN INFRAESTRUCTURA S.A.C.,No,Sí,0,,,CAMPOS ABOGADOS EN INFRAESTRUCTURA S.A.C.,,OK,Empresa,20563210983,,,,,alta,"Formato societario normalizado. ACTIVO/HABIDO en San Isidro (ruc.pe). telefono.pe cita el dominio pgm.com.pe como web, solo visto en ese directorio; no incluido. [2026-09-30] Nombre: formato aplicado.",CAMPOS ABOGADOS EN INFRAESTRUCTURA SAC
CARLOS RAFAEL HUGAZ HURTADO,No,Sí,0,,,,,PERSONA_NATURAL,Persona natural,,,,,,,,CARLOS RAFAEL HUGAZ HURTADO
CARRIER SERVICE S.A.,No,Sí,0,,,CARRIER SERVICE S.A.,,OK,Empresa,20414788964,,,,,alta,ACTIVO/HABIDO en Lince (ruc.pe); courier. telefono.pe cita el dominio carrierperu.com pero no se pudo verificar (fallo la carga); no incluido. [2026-09-30] Nombre: formato aplicado.,CARRIER SERVICE S.A
CEGNE CLARETIANO,Sí,Sí,0,,,CEGNE CLARETIANO,,OK,Educativa,20140900452,https://claretiano.edu.pe/,,,,alta,"Colegio Claretiano (San Miguel), RUC en datosperu.org/comxport.com, HABIDO segun empresasruc.com. Sitio visto en resultados de busqueda.",CEGNE CLARETIANO
CENTRO DE DIALISIS SANTA ROSA S.A.C.,No,Sí,0,,,CENTRO DE DIALISIS SANTA ROSA S.A.C.,,OK,Empresa,20501701441,,,,,alta,ACTIVO/HABIDO en La Victoria (ruc.pe); tambien aparece sede en Lince en directorios de salud. Sin web propia encontrada.,CENTRO DE DIALISIS SANTA ROSA S.A.C.
CENTRO NACIONAL DE SERVICIOS S.A.C.,Sí,Sí,0,,,CENTRO NACIONAL DE SERVICIOS S.A.C.,,OK,Empresa,20498848428,https://www.cns.com.pe/,,,,alta,Formato societario normalizado. ACTIVO/HABIDO en Lince (ruc.pe). El sitio cns.com.pe publica el mismo RUC y razon social. [2026-09-30] Nombre: formato aplicado.,CENTRO NACIONAL DE SERVICIOS SAC
CEPEA S.A.,Sí,Sí,0,,,CEPEA S.A.,,OK,Educativa,20139608951,https://cepea.edu.pe/,,,,alta,"Formato societario normalizado. Instituto Superior Cepea, Pueblo Libre; ACTIVO/HABIDO (ruc.pe). Sitio visto en resultados de busqueda. [2026-09-30] Nombre: formato aplicado.",CEPEA S A
CG SERVICIOS ELECTRICOS S.A.C.,No,Sí,0,,,CG SERVICIOS ELECTRICOS S.A.C.,,OK,Empresa,20601421853,,,,,alta,ACTIVO/HABIDO en Pueblo Libre (ruc.pe). Sin web encontrada. [2026-09-30] Nombre: formato aplicado.,CG SERVICIOS ELECTRICOS S.A.C
CHACON CONTRATISTAS GENERALES S.A.,Sí,Sí,0,,,CHACON CONTRATISTAS GENERALES S.A.,,OK,Empresa,20407509758,https://www.chacongesa.com/,,,,alta,"Nombre comercial Chacongesa. ACTIVO/HABIDO en San Borja (ruc.pe, empresasruc.com). Sitio visto en resultados de busqueda. [2026-09-30] Nombre: formato aplicado.",CHACON CONTRATISTAS GENERALES S.A
CHRISTIAN PAUL CORREA POZO,No,Sí,0,,,,,PERSONA_NATURAL,Persona natural,,,,,,,,CHRISTIAN PAUL CORREA POZO
CJCA SOLUCIONES S.A.C.,No,Sí,0,,,CJCA SOLUCIONES S.A.C.,,OK,Empresa,20548400121,,,,,media,Razon social SUNAT: CJCA SOLUCIONES SOCIEDAD ANONIMA CERRADA (San Martin de Porres). Estado vigente no confirmado en los resultados. Sin web encontrada. [2026-09-30] Nombre: formato aplicado.,CJCA SOLUCIONES SAC
CLOUD IT PERU S.A.C.,No,Sí,0,,Sí,CLOUD IT PERU S.A.C.,,OK,Empresa,20602691617,https://cloud-it.lat/,,,,media,"SUNAT: razon social CLOUD INFRASTRUCTURE AND TELECOM PERU S.A.C. (nombre comercial CLOUD IT PERU S.A.C.), ACTIVO/HABIDO, Lince (ruc.pe). Sitio cloud-it.lat visto en buscador (Peru/Bolivia/Colombia) pero no se pudo abrir ni confirmar que sea la misma razon social. [2026-09-30] Decision del dueño: multinacional con sede en Peru; se conserva tal cual.",CLOUD IT PERU S.A.C.
COBENCO S.A.C.,No,Sí,0,,,COBENCO S.A.C.,,CORREGIDO,Empresa,20253401321,,,,,alta,"Solo formato (punto final). ACTIVO/HABIDO, Miraflores (ruc.pe); nombre comercial Cortefiel (perudalia). Dominio cobenco.com citado solo en telefono.pe, no se pudo verificar. [2026-09-30] Nombre: formato aplicado.",COBENCO S.A.C
COLEGIOS PERUANOS S.A.,Sí,Sí,0,,,COLEGIOS PERUANOS S.A.,,OK,Educativa,20510713363,https://www.innovaschools.edu.pe/,https://www.facebook.com/innovaschools,,https://www.instagram.com/innovaschoolsperu,alta,"Nombre comercial Innova Schools; ACTIVO/HABIDO, La Victoria (ruc.pe); antes Colegios Peruanos S.A.C. (universidadperu). Sitio y redes vistos en innovaschools.edu.pe.",COLEGIOS PERUANOS S.A.
COMERCIAL SERVICE VILMA,No,Sí,0,,Sí,COMERCIAL SERVICE VILMA,,NO_ENCONTRADO,Otro,,,,,,baja,Sin coincidencia en directorios peruanos; posible negocio de persona natural o nombre comercial. No se asigno RUC. [2026-09-30] Decision del dueño: identidad no confirmada; se conserva el nombre registrado (no se importa el RUC).,COMERCIAL SERVICE VILMA
COMPUTO Y PERIFERICOS S.A.C.,No,Sí,0,,,COMPUTO Y PERIFERICOS S.A.C.,,CORREGIDO,Empresa,20511800898,,,,,alta,"Solo formato. SUNAT: COMPUTO Y PERIFERICOS S.A.C. (sociedad anonima cerrada), ACTIVO/HABIDO, San Isidro; nombre comercial Compuper. Sin sitio oficial visto (solo tienda en Ripley). [2026-09-30] Nombre: formato aplicado.",COMPUTO Y PERIFERICOS S.A.C
CONCESIONARIA VIAL DEL PERU S.A.,Sí,Sí,0,,,CONCESIONARIA VIAL DEL PERU S.A.,,CORREGIDO,Empresa,20511465061,https://coviperu.com/,,,,alta,"Se elimino ""DEL PERU"" repetido y se normalizo S.A.; nombre comercial COVIPERU S.A.; ACTIVO/HABIDO, Surco (ruc.pe). Sitio coviperu.com visto en resultados. [2026-09-30] Nombre: ortografia aplicado.",CONCESIONARIA VIAL DEL PERU DEL PERU S.A
CONSORCIO LA CHIRA-CHORRILLOS,No,Sí,0,,,CONSORCIO LA CHIRA-CHORRILLOS,,CORREGIDO,Empresa,20543726983,,,,,media,"Razon social con guion; contrato de colaboracion empresarial, ACTIVO/HABIDO, Surco (ruc.pe). Existe tambien CONSORCIO LA CHIRA (RUC 20543188710), no elegido. Dominio lachirachorrillos.com solo citado en telefono.pe, no verificado. [2026-09-30] Nombre: formato aplicado.",CONSORCIO LA CHIRA CHORRILLOS
CONSORCIO NIPPON KOEI - NIPPON KOEI LAC - ADERCONSULT,No,Sí,0,,,CONSORCIO NIPPON KOEI - NIPPON KOEI LAC - ADERCONSULT,,CORREGIDO,Empresa,20555313234,,,,,alta,"Nombre truncado (ADERCONS -> ADERCONSULT). ACTIVO/HABIDO, Surco (ruc.pe); contrato de colaboracion empresarial, inicio 2013. Otro consorcio distinto: CONSORCIO NIPPON KOEI LAC (RUC 20612424536). [2026-09-30] Nombre: ortografia aplicado.",CONSORCIO NIPPON KOEI - NIPPON KOEI LAC - ADERCONS
CONSORCIO NKLAC - NK,No,Sí,0,,Sí,CONSORCIO NKLAC - NK,,CORREGIDO,Empresa,20537058472,,,,,media,"Solo espaciado. Inicio 2010, Surco. ruc.pe indica ACTIVO/HABIDO pero universidadperu indica BAJA DE OFICIO (datos contradictorios). Sin sitio oficial visto. [2026-09-30] Nombre: formato aplicado. [2026-09-30] Revisado: estado-contradictorio aceptado.",CONSORCIO NKLAC-NK
CONSORCIO NUEVA LIMA,No,Sí,0,,,CONSORCIO NUEVA LIMA,,OK,Empresa,20553585326,,,,,alta,"ACTIVO/HABIDO, Surco (ruc.pe, empresasruc); contrato de colaboracion empresarial, inicio 2013. No confundir con CONSORCIO NUEVO LIMA (otros RUC).",CONSORCIO NUEVA LIMA
CONSTRUCTORA AUSTRAL S.A.C.,No,Sí,0,,,CONSTRUCTORA AUSTRAL S.A.C.,,CORREGIDO,Empresa,20425789326,,,,,media,"Typo AUTRAL -> AUSTRAL. ACTIVO/HABIDO, San Isidro (ruc.pe); nombre comercial CONAU S.A.C. Descartada CONSTRUCTORA AUSTRAL PERU S.A.C. (RUC 20604559058, Trujillo). [2026-09-30] Nombre: ortografia aplicado.",CONSTRUCTORA AUTRAL SAC
CONSULTORIA Y GESTION DE NEGOCIOS E INVERSIONES E.I.R.L.,No,Sí,0,,,CONSULTORIA Y GESTION DE NEGOCIOS E INVERSIONES E.I.R.L.,,CORREGIDO,Empresa,20521443376,,,,,alta,"Razon social actual CGNI E.I.R.L. (anterior: CONSULTORIA Y GESTION DE NEGOCIOS E INVERSIONES E.I.R.L.) segun universidadperu; Activo/Habido, Miraflores, asesoramiento empresarial. Sin sitio web registrado. [2026-09-30] Nombre: razon-social se conserva el nombre original.",CONSULTORIA Y GESTION DE NEGOCIOS E INVERSIONES EIRL
CONTROL Z S.A.C.,No,Sí,0,,,CONTROL Z S.A.C.,,CORREGIDO,Empresa,20503307881,,,,,media,"Formato S.A.C. ACTIVO/HABIDO, Punta Hermosa (ruc.pe); rubro edicion/impresion (compuempresa). Unico CONTROL Z S.A.C. hallado; rubro y direccion no confirmados como cliente. [2026-09-30] Nombre: formato aplicado.",CONTROL Z S A C
COOPERAZIONE INTERNAZIONALE,No,Sí,0,,,COOPERAZIONE INTERNAZIONALE,,CORREGIDO,Asociacion/ONG,20511733333,,,,,media,"Razon social SUNAT lleva prefijo ONG (conocida como COOPI); ACTIVO/HABIDO, Surco (ruc.pe). Sitio oficial no verificado en esta busqueda. [2026-09-30] Nombre: razon-social se conserva el nombre original.",COOPERAZIONE INTERNAZIONALE
CORPORACION EDUCATIVA INTERNACIONAL ABA S.A.C.,No,Sí,0,,Sí,CORPORACION EDUCATIVA INTERNACIONAL ABA S.A.C.,,CORREGIDO,Educativa,20536450891,,,,,media,"Typo COORPORACION corregido. universidadperu.com: razon social actual BD CORP S.A.C. (antes Corporacion Educativa Internacional Aba S.A.C.), condicion BAJA DE OFICIO, inicio 2010. Sitio web no encontrado. [2026-09-30] Nombre: ortografia aplicado. [2026-09-30] Revisado: baja-liquidacion aceptado.",COORPORACION EDUCATIVA INTERNACIONAL ABA SAC
COPITO FROZEN S.A.C.,No,Sí,0,,Sí,COPITO FROZEN S.A.C.,,CORREGIDO,Empresa,20600468112,,,,,alta,Solo formato. Magdalena del Mar; universidadperu la marca EN LIQUIDACION. Rubro bebidas/heladeria (compuempresa). [2026-09-30] Nombre: formato aplicado. [2026-09-30] Revisado: baja-liquidacion aceptado.,COPITO FROZEN SAC
CORPORACION BIOMEDICA PERUANA S.A.C.,No,Sí,0,,,CORPORACION BIOMEDICA PERUANA S.A.C.,,CORREGIDO,Empresa,20537503620,,,,,alta,"Solo formato. Inicio 2010, venta mayorista de maquinaria/equipo, Lince (comxport). Estado SUNAT no visto en resultados. No confundir con CORPORACION BIOMEDICA PERU S.A.C. (RUC 20604407479, Ventanilla). [2026-09-30] Nombre: formato aplicado.",CORPORACION BIOMEDICA PERUANA SAC
CORPORACION DE INVERSIONES COMERCIALES S.A.C.,No,Sí,0,,Sí,CORPORACION DE INVERSIONES COMERCIALES S.A.C.,,DUDOSO,Empresa,,,,,,baja,"Dos candidatas: CORPORACION DE INVERSIONES COMERCIALES S.A. (RUC 20154647393, Surco, ACTIVO/HABIDO, nombre comercial Pristine, lavanderia) y CORPORACION DE INVERSIONES COMERCIALES PERU S.A.C. (RUC 20608836331, Los Olivos, contabilidad, desde 2021). No se pudo decidir. [2026-09-30] Nombre: formato aplicado. [2026-09-30] Decision del dueño: identidad no confirmada; se conserva el nombre registrado (no se importa el RUC).",CORPORACION DE INVERSIONES COMERCIALES SAC
CORPORACION DE SOLUCIONES ALIMENTARIAS S.A.C.,No,Sí,0,,,CORPORACION DE SOLUCIONES ALIMENTARIAS S.A.C.,,OK,Empresa,20603421605,,,,,alta,"ACTIVO/HABIDO, San Isidro (ruc.pe); restaurantes y comidas, inicio 2018. Sin sitio visto.",CORPORACION DE SOLUCIONES ALIMENTARIAS S.A.C.
CORPORACION GANADERA S.A.,No,Sí,0,,,CORPORACION GANADERA S.A.,,OK,Empresa,20106798266,,,,,alta,"ACTIVO/HABIDO, Lince (ruc.pe). Dominio corporacionganadera.com.pe solo citado en telefono.pe, no verificado.",CORPORACION GANADERA S.A.
CORPORACION GRAFICA UNIVERSAL S.A.C.,No,Sí,0,,,CORPORACION GRAFICA UNIVERSAL S.A.C.,,CORREGIDO,Empresa,20544680081,,,,,alta,"Solo formato. Nombre comercial Universal Print; ACTIVO/HABIDO, Ate (ruc.pe, empresasruc). Sin sitio oficial visto. [2026-09-30] Nombre: formato aplicado.",CORPORACION GRAFICA UNIVERSAL SAC
CORPORACION GUILLEN S.A.C.,No,Sí,0,,,CORPORACION GUILLEN S.A.C.,,OK,Empresa,20513957948,,,,,media,"Coincidencia unica exacta, transporte de carga por carretera. ruc.pe: ACTIVO/HABIDO, San Isidro; otros directorios muestran otras direcciones. Sin sitio web.",CORPORACION GUILLEN S.A.C.
CORPORACION INMOBILIARIA DE PROYECTOS S.A.C.,No,Sí,0,,,CORPORACION INMOBILIARIA DE PROYECTOS S.A.C.,,CORREGIDO,Empresa,20536851888,,,,,media,Formato societario normalizado. Sociedad anonima cerrada en Ate (inicio 2010) segun datosperu.org y universidadperu.com. Estado SUNAT no visto. Sin sitio web visto. [2026-09-30] Nombre: formato aplicado.,CORPORACION INMOBILIARIA DE PROYECTOS SAC
CORPORACION MAC COURIER S.A.C.,No,Sí,0,,,CORPORACION MAC COURIER S.A.C.,,CORREGIDO,Empresa,20554351540,,,,,alta,"Typo COURRIERSAC corregido. SUNAT (datosperu.org, ruc.pe): ACTIVO/HABIDO, San Miguel, rubro actividades postales/courier. Sitio web no encontrado. No confundir con MAC COURIER S.A.C. (RUC 20512370137, otra empresa). [2026-09-30] Nombre: ortografia aplicado.",CORPORACION MAC COURRIERSAC
CORPORACION MIG S.A.C.,No,Sí,0,,Sí,CORPORACION MIG S.A.C.,,CORREGIDO,Empresa,20509423505,,,,,media,"Formato normalizado. universidadperu.com la indica en BAJA DE OFICIO (inicio 2004, Miraflores). Sin sitio web visto. [2026-09-30] Nombre: formato aplicado. [2026-09-30] Revisado: baja-liquidacion aceptado.",CORPORACION MIG S A C
CORPORACION PRESTIGIO S.A.C.,No,Sí,0,,,CORPORACION PRESTIGIO S.A.C.,,CORREGIDO,Empresa,20547660413,,,,,media,"Formato normalizado. Nombre comercial Corprest S.A.C., transporte de carga por carretera (Ventanilla/Callao) segun datosperu.org y compuempresa.com. Homonimo parcial no elegido: CORPORACION PRESTIGIO SERVICIOS GENERALES S.A.C. (RUC 20555664291). Estado SUNAT no visto. Sin sitio web visto. [2026-09-30] Nombre: formato aplicado.",CORPORACION PRESTIGIO SAC
CORPORACION ZOLLA S.A.C.,No,Sí,0,,,CORPORACION ZOLLA S.A.C.,,OK,Empresa,20601751900,,,,,alta,Coincide con SUNAT. ACTIVO y HABIDO segun ruc.pe y empresasruc.com. Rubro inmobiliario (San Borja/San Isidro). Sin sitio web visto.,CORPORACION ZOLLA S.A.C.
CORPSA E.I.R.L.,No,Sí,0,,Sí,CORPSA E.I.R.L.,,CORREGIDO,Empresa,20600577787,,,,,media,"Punto final agregado. paginaspyme.com la indica en BAJA DE OFICIO (Miraflores, rubro transporte/servicios conexos). Sin sitio web visto. [2026-09-30] Nombre: formato aplicado. [2026-09-30] Revisado: baja-liquidacion aceptado.",CORPSA E.I.R.L
COSANDES INVERSIONES S.A.C.,Sí,Sí,0,,,COSANDES INVERSIONES S.A.C.,,OK,Empresa,20515852248,https://www.cosandes.com/,,,,alta,"Coincide con SUNAT. ACTIVO y HABIDO (ruc.pe, Santiago de Surco; venta mayorista de metales). Sitio visto en resultados de busqueda.",COSANDES INVERSIONES S.A.C.
CRISOL COMERCIAL PERU S.A.C.,No,Sí,0,,,CRISOL COMERCIAL PERU S.A.C.,,CORREGIDO,Empresa,20520628291,,,,,alta,Formato normalizado. ACTIVO y HABIDO segun ruc.pe (San Isidro). Sin sitio web visto. [2026-09-30] Nombre: formato aplicado.,CRISOL COMERCIAL PERU S A C
CROS LOGISTICS S.A.C.,Sí,Sí,0,,,CROS LOGISTICS S.A.C.,,CORREGIDO,Empresa,20602842976,https://cros.com.pe/,,,,alta,Punto final agregado. ACTIVO y HABIDO segun ruc.pe (Independencia); transporte de carga y ultima milla. Sitio visto en resultados de busqueda. [2026-09-30] Nombre: formato aplicado.,CROS LOGISTICS S.A.C
CUSTOMERS PUBLICIDAD Y MARKETING E.I.R.L.,No,Sí,0,,,CUSTOMERS PUBLICIDAD Y MARKETING E.I.R.L.,,CORREGIDO,Empresa,20492576949,,,,,alta,"Formato E.I.R.L. segun SUNAT (datosperu.org). Estado ACTIVO (consulta-ruc.pe), rubro publicidad, domicilio San Miguel. Sin sitio web visto. [2026-09-30] Nombre: formato aplicado.",CUSTOMERS PUBLICIDAD Y MARKETING EIRL
DE SOUZA FERREYRA CONSULTING S.A.C.,No,Sí,0,,Sí,DE SOUZA FERREYRA CONSULTING S.A.C.,,CORREGIDO,Empresa,20512966137,,,,,media,Razon social completa en SUNAT: DE SOUZA FERREYRA CONSULTING SOCIEDAD ANONIMA CERRADA - DSF CONSULTING S.A.C. Datosperu.org la muestra en BAJA DE OFICIO y NO HABIDO. Sin sitio web visto. [2026-09-30] Nombre: formato aplicado. [2026-09-30] Revisado: baja-liquidacion aceptado.,DE SOUZA FERREYRA CONSULTING S.A.C
DECORPLAS S.A.,No,Sí,0,,,DECORPLAS S.A.,,CORREGIDO,Empresa,20374188896,,,,,alta,"Razon social completa: DECORACIONES PLANIFICADAS AMBIENTES Y SERVICIOS SOCIEDAD ANONIMA - DECORPLAS S.A. ACTIVO y HABIDO (ruc.pe, Lince). Se conserva el nombre comercial con punto final. Sin sitio web oficial visto (solo tienda en Ripley). [2026-09-30] Nombre: formato aplicado.",DECORPLAS S.A
DEKO-R-TE S.A.C.,No,Sí,0,,,DEKO-R-TE S.A.C.,,CORREGIDO,Empresa,20535977349,,,,,media,"Formato normalizado. Conocida como Dekorte, San Borja, arquitectura e ingenieria (datosperu.org, compuempresa.com). Estado SUNAT no visto. Sin sitio web visto. [2026-09-30] Nombre: formato aplicado.",DEKO-R-TE SAC
DELUXE HOUSE,No,Sí,0,,Sí,DELUXE HOUSE,,CORREGIDO,Empresa,,,,,,baja,"Unica candidata: DELUXE HOUSE S.A.C. - DELUXE S.A.C - EN LIQUIDACION (construccion de edificios, Lima) segun compuempresa.com y datosperu.org. Nombre original sin forma societaria, coincidencia no segura. En liquidacion. Sin sitio web visto. [2026-09-30] Nombre: razon-social se conserva el nombre original. [2026-09-30] Decision del dueño: se conserva el nombre; no se puede validar (se borra el RUC asignado por baja confianza).",DELUXE HOUSE
DESSAU INTERNACIONAL INC SUCURSAL DEL PERU,No,Sí,0,,,DESSAU INTERNACIONAL INC SUCURSAL DEL PERU,,CORREGIDO,Empresa,20492035191,,,,,media,"Typo INTERNACIONAL->INTERNATIONAL. ACTIVO y HABIDO (ruc.pe, Santiago de Surco; ingenieria/consultoria). Existe tambien DESSAU INTERNATIONAL PERU S.A.C. en la misma direccion, no elegida por coincidir mas el nombre con la sucursal. Sin sitio web visto. [2026-09-30] Nombre: razon-social se conserva el nombre original.",DESSAU INTERNACIONAL INC SUCURSAL DEL PERU
DESSAU S&Z S.A.,Sí,Sí,0,,,DESSAU S&Z S.A.,,CORREGIDO,Empresa,20101331653,https://dessausyz.com/,,https://pe.linkedin.com/company/dessau-s-z-s-a,,alta,"Razon social DESSAU S&Z S.A. (antes S & Z Consultores Asociados S.A.), Activo y Habido segun universidadperu.com (San Borja). Sitio y LinkedIn vistos en resultados de busqueda. [2026-09-30] Nombre: formato aplicado.",DESSAU S & Z S A
DOÑA ELSA S.C.R.L.,No,Sí,0,,,DOÑA ELSA S.C.R.L.,,CORREGIDO,Empresa,20513490594,,,,,media,"Punto final agregado. Razon social: DOÑA ELSA SOCIEDAD COMERCIAL DE RESPONSABILIDAD LIMITADA, nombre comercial Decorp (Santiago de Surco, inicio 2006) segun datosperu.org. Estado SUNAT no visto. Sin sitio web visto. Existe homonimo distinto COMERCIALIZADORA DOÑA ELSA E.I.R.L. [2026-09-30] Nombre: formato aplicado.",DOÑA ELSA S.C.R.L
E & M PROYECTOS INDUSTRIALES S.A.C.,No,Sí,0,,,E & M PROYECTOS INDUSTRIALES S.A.C.,,OK,Empresa,20482655701,https://eymproyectosindustriales.com/,,,,media,"Coincide con SUNAT. ACTIVO y HABIDO (empresasruc.com) pero domicilio fiscal en Trujillo (La Libertad); su web dice operar en Trujillo y Lima. Sitio visto en resultados de busqueda. Homonimo parcial: E & M PROYECTOS Y CONSULTORIA SAC (Lima), no elegido.",E & M PROYECTOS INDUSTRIALES S.A.C.
ECONOGAS S.R.LTDA.,No,Sí,0,,,ECONOGAS S.R.LTDA.,,CORREGIDO,Empresa,20102314698,,,,,alta,"Razon social ECONOGAS S.R.LTDA. ACTIVO y HABIDO (ruc.pe y paginaspyme.com, Lima, venta de combustibles). El dominio econogas.com.pe solo aparece citado en telefono.pe y no se pudo abrir; no se incluye como sitio. [2026-09-30] Nombre: formato aplicado.",ECONOGAS SR LTDA
EDGARD ALBERTO GALVEZ ARCONDO,No,Sí,0,,,,,PERSONA_NATURAL,Persona natural,,,,,,,,EDGARD ALBERTO GALVEZ ARCONDO
EDGARDO ARTURO BAYONA ODAR,No,Sí,0,,,,,PERSONA_NATURAL,Persona natural,,,,,,,,EDGARDO ARTURO BAYONA ODAR
EDICION Y COLOR S.A.C.,No,Sí,0,,,EDICION Y COLOR S.A.C.,,CORREGIDO,Empresa,20377832699,,,,,alta,"Formato normalizado. Nombre comercial Edicolor S.A.C., ACTIVO y HABIDO (empresasruc.com, Ate; impresion). Sin sitio web visto. [2026-09-30] Nombre: formato aplicado.",EDICION Y COLOR SAC
EDITORIAL SEPTIEMBRE S.A.C.,Sí,Sí,0,,,EDITORIAL SEPTIEMBRE S.A.C.,,OK,Empresa,20513998202,,https://www.facebook.com/EditorialSeptiembre/,,,alta,"Razon social coincide (datosperu, compuempresa, universidadperu). Dominio editorialseptiembre.com solo visto en directorios (telefono.pe, kompass), no se asigna a SitioWeb. Facebook visto en resultados.",EDITORIAL SEPTIEMBRE S.A.C.
ELEMSIN E.I.R.L.,Sí,Sí,0,,,ELEMSIN E.I.R.L.,,OK,Empresa,20183664876,https://elemsin.com.pe/,,,,alta,"Activo/habido (ruc.pe, compuempresa). Ingenieria electrica, electronica y telecom; domicilio Av. Jose Galvez 1488 coincide con el sitio oficial.",ELEMSIN E.I.R.L.
EMANUEL AUGUSTO YARLAQUE PRIETO,No,Sí,0,,,,,PERSONA_NATURAL,Persona natural,,,,,,,,EMANUEL AUGUSTO YARLAQUE PRIETO
EMPRESA DE SERVICIOS MULTIPLES ENRIQUE DIAZ ZEBALLOS E.I.R.L.,No,Sí,0,,Sí,EMPRESA DE SERVICIOS MULTIPLES ENRIQUE DIAZ ZEBALLOS E.I.R.L.,,CORREGIDO,Empresa,20369825357,,,,,media,"Typo ENRRIQUE -> ENRIQUE. Razon social SUNAT segun enorcerna/empresasruc; universidadperu indica que hoy figura como EMPRESA DE SERVICIOS MULTIPLES ENRIQUE DIAZ ZEBALLOS S.R.L. - ENDIZE S.R.L. Domicilio en Arequipa, activo/habido; verificar que sea el cliente. [2026-09-30] Nombre: ortografia aplicado. [2026-09-30] Decision del dueño: se conserva el nombre con que se le atendio (bien escrito), no el actual de SUNAT; registro historico, no destacado. [2026-09-30] Decision del dueño: nombre con abreviaturas expandidas (EMP.DE S.MUL. -> EMPRESA DE SERVICIOS MULTIPLES).",EMP.DE S.MUL.ENRRIQUE DIAZ ZEBALLOS EIRL
EMPRESA CONSTRUCTORA A.R.C. S.R.L.,No,Sí,0,,,EMPRESA CONSTRUCTORA A.R.C. S.R.L.,,CORREGIDO,Empresa,20277977509,https://www.grupodrassasrl.com/,,,,media,"Razon social EMPRESA CONSTRUCTORA A.R.C S.R.LTDA (ruc.pe, empresasruc); nombre comercial Grupo Drassa SRL (universidadperu). Domicilio Cusco segun ruc.pe y La Molina segun empresasruc: verificar. Activo/habido. [2026-09-30] Nombre: formato aplicado.",EMPRESA CONSTRUCTORA ARC SRL
EMPRESA EDITORA EL COMERCIO S.A.,Sí,Sí,0,,,EMPRESA EDITORA EL COMERCIO S.A.,,OK,Empresa,20143229816,https://elcomercio.pe/,,,,alta,"Activo/habido (ruc.pe, empresasruc); RUC confirmado tambien en terminos de clubelcomercio.pe. Sitio corporativo alterno: grupoelcomercio.com.pe. [2026-09-30] Nombre: formato aplicado.",EMPRESA EDITORA EL COMERCIO S.A
ENTORNOSENSIBLE S.A.C.,No,Sí,0,,Sí,ENTORNOSENSIBLE S.A.C.,,OK,Empresa,20600468261,,,,,alta,Restaurante/bar en Lince. universidadperu la lista como EN LIQUIDACION con condicion BAJA DE OFICIO; ruc.pe aun la muestra activa: fuentes en conflicto. [2026-09-30] Nombre: formato aplicado. [2026-09-30] Revisado: estado-contradictorio aceptado.,ENTORNOSENSIBLE SAC
ENVIRONMENTAL TESTING LABORATORY S.A.C.,No,Sí,0,,,ENVIRONMENTAL TESTING LABORATORY S.A.C.,,OK,Empresa,20523205936,,,,,alta,"Razon social completa ENVIRONMENTAL TESTING LABORATORY SOCIEDAD ANONIMA CERRADA, nombre comercial ENVIROTEST S.A.C. Activo/habido (ruc.pe), San Martin de Porres. [2026-09-30] Nombre: formato aplicado.",ENVIRONMENTAL TESTING LABORATORY S.A.C
EQUIPOS GASTRONOMICOS DEL PERU S.A.C.,Sí,Sí,0,,Sí,EQUIPOS GASTRONOMICOS DEL PERU S.A.C.,,OK,Empresa,20600595599,https://thehomebrewerperu.com/,https://www.facebook.com/thehomebrewerperu/channels/,,https://www.instagram.com/the.homebrewer.peru/,alta,"Activo/habido, San Miguel (ruc.pe). universidadperu indica nombre comercial The Homebrewer Peru; web y redes vistas en resultados, vinculo por nombre comercial (no confirmado en sitio). [2026-09-30] Nombre: formato aplicado. [2026-09-30] Decision del dueño: revisado por el dueño; se conserva (web de su nombre comercial).",EQUIPOS GASTRONOMICOS DEL PERU SAC
ESPRESSAMENTE PRODUCCIONES BTL S.A.C.,No,Sí,0,,,ESPRESSAMENTE PRODUCCIONES BTL S.A.C.,,CORREGIDO,Empresa,20515664328,,,,,alta,"SUNAT figura BTL sin puntos (datosperu, compuempresa, universidadperu). Agencia de publicidad en Magdalena del Mar. [2026-09-30] Nombre: formato aplicado.",ESPRESSAMENTE PRODUCCIONES B.T.L S.A.C
ESSALUD,Sí,Sí,0,,,ESSALUD,,OK,Institucion publica,20131257750,https://www.gob.pe/essalud,,,,alta,"Razon social SUNAT: SEGURO SOCIAL DE SALUD. Activo/habido (ruc.pe, facilruc). Pagina oficial en gob.pe.",ESSALUD
EUROLABS PERU S.A.C.,No,Sí,0,,,EUROLABS PERU S.A.C.,,OK,Empresa,20600044711,https://eurolabsgroup.com/,https://www.facebook.com/eurolabs.peru/,,,media,"Activo/habido, Av. Petit Thouars 3023 San Isidro (ruc.pe), direccion coincide con Eurolabs Lima en resultados. Sitio del grupo Eurolabs/Eurogroup con contacto Peru.",EUROLABS PERU S.A.C.
EXCELENCIA EN IMPRESIONES Y SOBRES S.A.C.,No,Sí,0,,Sí,EXCELENCIA EN IMPRESIONES Y SOBRES S.A.C.,,OK,Empresa,20556834688,,,,,alta,ruc.pe la muestra activa/habida; paginaspyme indica situacion SUSPENSION TEMPORAL: verificar estado actual. [2026-09-30] Nombre: formato aplicado. [2026-09-30] Revisado: estado-contradictorio aceptado.,EXCELENCIA EN IMPRESIONES Y SOBRES S.A.C
EXPLORACIONES COLLASUYO S.A.C.,No,Sí,0,,,EXPLORACIONES COLLASUYO S.A.C.,,OK,Empresa,20476219761,,,,,alta,"Activo/habido, Miraflores (ruc.pe). Rubro mineria (explotacion de minas y canteras). [2026-09-30] Nombre: formato aplicado.",EXPLORACIONES COLLASUYO SAC
FARCOM CONTRATISTAS S.A.C.,No,Sí,0,,,FARCOM CONTRATISTAS S.A.C.,,OK,Empresa,20456123768,,,,,media,"Activo/habido, domicilio en Arequipa (ruc.pe). Rubro arquitectura e ingenieria y estructuras metalicas. Existe FAR CONTRATISTAS S.C.R.L. distinta. [2026-09-30] Nombre: formato aplicado.",FARCOM CONTRATISTAS SAC
FATIMA CIESA S.R.L.,No,Sí,0,,,FATIMA CIESA S.R.L.,,OK,Empresa,20517082881,,,,,alta,"Razon social FATIMA CIESA S.R.L. (comxport, universidadperu); datosperu tambien la lista como S.C.R.L. Fabricacion de productos de metal, San Isidro/San Miguel. [2026-09-30] Nombre: formato aplicado.",FATIMA CIESA S R L
FENICE LATINA S.A.C.,No,Sí,0,,,FENICE LATINA S.A.C.,,OK,Empresa,20451472748,,,,,alta,"Razon social coincide (datosperu, compuempresa, universidadperu). Domicilio San Juan de Miraflores. [2026-09-30] Nombre: formato aplicado.",FENICE LATINA SAC
FERIA INTERNACIONAL DEL PACIFICO S.A.,No,Sí,0,,Sí,FERIA INTERNACIONAL DEL PACIFICO S.A.,,OK,Empresa,20100144507,,,,,alta,"Razon social FERIA INTERNACIONAL DEL PACIFICO SOCIEDAD ANONIMA; nombre comercial Centro de Ferias y Convenciones. ruc.pe la muestra activa/habida, universidadperu indica BAJA DE OFICIO: fuentes en conflicto. [2026-09-30] Nombre: formato aplicado. [2026-09-30] Revisado: estado-contradictorio aceptado.",FERIA INTERNACIONAL DEL PACIFICO S.A
FIERROS E INSUMOS S.A.C.,No,Sí,0,,Sí,FIERROS E INSUMOS S.A.C.,,NO_ENCONTRADO,Empresa,,,,,,baja,"Solo se vio perfil D&B e importgenius de FIERROS E INSUMOS SAC (Lima); no se hallo RUC ni sitio en directorios. Otras similares (Fierros y Aceros Savi, Fierros & Aceros Sider Peru) no corresponden. [2026-09-30] Nombre: formato aplicado. [2026-09-30] Decision del dueño: identidad no confirmada; se conserva el nombre registrado (no se importa el RUC).",FIERROS E INSUMOS S.A.C
FIERROS LINO S.A.,No,Sí,0,,,FIERROS LINO S.A.,,OK,Empresa,20384266569,,,,,alta,"Nombre comercial FILISA (universidadperu). Activo/habido, Surquillo (ruc.pe). [2026-09-30] Nombre: formato aplicado.",FIERROS LINO S.A
FK CONSULTING AND CONSTRUCTION S.A.C.,Sí,Sí,0,,,FK CONSULTING AND CONSTRUCTION S.A.C.,,OK,Empresa,20600599829,,,https://pe.linkedin.com/company/fk-consulting-and-construction-s-a-c,,alta,"Razon social coincide (datosperu, universidadperu). Gerenciamiento de proyectos de ingenieria y construccion, Brena. No confundir con FK EDIFICACIONES S.A.C. [2026-09-30] Nombre: formato aplicado.",FK CONSULTING AND CONSTRUCTION S.A.C
FOWLING S.A.C.,No,Sí,0,,,FOWLING S.A.C.,,OK,Empresa,20424375145,,,,,alta,Formato societario normalizado. RUC ACTIVO segun ruc.pe; actividad de alojamiento; sin sitio web visto. [2026-09-30] Nombre: formato aplicado.,FOWLING S.A.C
FRANCIA VIRGINIA DIAZ BOLOGNESI,No,Sí,0,,,,,PERSONA_NATURAL,Persona natural,,,,,,,,FRANCIA VIRGINIA DIAZ BOLOGNESI
FUNDACION TELETON SAN JUAN DE DIOS,Sí,Sí,0,,,FUNDACION TELETON SAN JUAN DE DIOS,,OK,Asociacion/ONG,20523760689,https://teleton.pe/,,,,alta,RUC ACTIVO/HABIDO segun ruc.pe; el sitio oficial teleton.pe muestra el mismo RUC y razon social.,FUNDACION TELETON SAN JUAN DE DIOS
FUNDO LA PAMPA S.A.,No,Sí,0,,,FUNDO LA PAMPA S.A.,,OK,Empresa,20194993758,,,,,media,"Formato normalizado. RUC ACTIVO segun paginaspyme (Miraflores, cultivos); sin sitio web visto. [2026-09-30] Nombre: formato aplicado.",FUNDO LA PAMPA S.A
FUTURA MEDICA ODONTOLOGICA S.A.C.,No,Sí,0,,,FUTURA MEDICA ODONTOLOGICA S.A.C.,,OK,Empresa,20492483932,,,,,alta,En SUNAT figura como FUTURA MEDICA ODONTOLOGICA SOCIEDAD ANONIMA CERRADA - F. M. O. SAC; ACTIVO/HABIDO segun ruc.pe (Lince); sin sitio web visto. [2026-09-30] Nombre: formato aplicado.,FUTURA MEDICA ODONTOLOGICA S.A.C
G & S CONSORCIO E INVERSIONES GENERALES S.A.C.,No,Sí,0,,,G & S CONSORCIO E INVERSIONES GENERALES S.A.C.,,OK,Empresa,20506926981,,,,,alta,Formato normalizado. RUC ACTIVO/HABIDO segun ruc.pe y empresasruc; sin sitio web visto. [2026-09-30] Nombre: formato aplicado.,G & S CONSORCIO E INVERSIONES GENERALES S.A.C
GSM TRANSPORTE Y LOGISTICA E.I.R.L.,No,Sí,0,,,GSM TRANSPORTE Y LOGISTICA E.I.R.L.,,CORREGIDO,Empresa,20552741693,,,,,media,"Razon social sin espacios (GSM); transporte de carga; ACTIVO/HABIDO segun anunciaenlinea. Se descarto G.M.S. Transportes y Logistica E.I.R.L. (otra empresa, creada en 2022). [2026-09-30] Nombre: formato aplicado.",G S M TRANSPORTE Y LOGISTICA E.I.R.L
GEN LAB DEL PERU S.A.C.,Sí,Sí,0,,,GEN LAB DEL PERU S.A.C.,,OK,Empresa,20501262260,https://genlabperu.com/,,,,alta,Formato normalizado. RUC ACTIVO/HABIDO segun ruc.pe (Lince); sitio visto en resultados de busqueda. [2026-09-30] Nombre: formato aplicado.,GEN LAB DEL PERU SAC
GENZYME DEL PERU S.A.C.,No,Sí,0,,,GENZYME DEL PERU S.A.C.,,OK,Empresa,20492919145,,,,,alta,"RUC ACTIVO/HABIDO segun ruc.pe (San Isidro). Dominio sanofi.com solo citado en telefono.pe, no incluido como sitio.",GENZYME DEL PERU S.A.C.
GERARDO PATIÑO EGOAVIL,No,Sí,0,,,,,PERSONA_NATURAL,Persona natural,,,,,,,,GERARDO PATIÑO EGOAVIL
GESHER PERU S.R.L.,No,Sí,0,,Sí,GESHER PERU S.R.L.,,OK,Empresa,20563459493,,,,,media,Razon social SUNAT: GESHER PERU SOCIEDAD COMERCIAL DE RESPONSABILIDAD LIMITADA. ruc.pe indica ACTIVO (Surquillo) pero universidadperu y perudalia la listan EN LIQUIDACION; rubro entretenimiento. [2026-09-30] Nombre: formato aplicado. [2026-09-30] Revisado: estado-contradictorio aceptado.,GESHER PERU S R L
GLENCORP S.A.C.,No,Sí,0,,,GLENCORP S.A.C.,,OK,Empresa,20600588347,,,,,media,RUC ACTIVO segun ruc.pe y datosperu. No confundir con Glencore Peru S.A.C. (20524489300); sin sitio web visto.,GLENCORP S.A.C.
GOAL MARKETING S.A.C.,No,Sí,0,,,GOAL MARKETING S.A.C.,,OK,Empresa,20600576420,,,,,alta,Formato normalizado. RUC ACTIVO/HABIDO segun ruc.pe (San Martin de Porres); publicidad; sin sitio web visto. [2026-09-30] Nombre: formato aplicado.,GOAL MARKETING SAC
GRAMBS CORPORACION GRAFICA S.A.C.,No,Sí,0,,Sí,GRAMBS CORPORACION GRAFICA S.A.C.,,OK,Empresa,20100512662,,,,,media,"ruc.pe indica ACTIVO pero universidadperu y perudalia la listan EN LIQUIDACION. Dominio grambs.com.pe solo citado en telefono.pe, no incluido como sitio. [2026-09-30] Nombre: formato aplicado. [2026-09-30] Revisado: estado-contradictorio aceptado.",GRAMBS CORPORACION GRAFICA SAC
GRUPO DE CAPACITACION PUBLICA S.A.C.,No,Sí,0,,,GRUPO DE CAPACITACION PUBLICA S.A.C.,,OK,Empresa,20451462602,,,,,alta,Formato normalizado. RUC ACTIVO/HABIDO segun ruc.pe (Lince); sin sitio web visto. [2026-09-30] Nombre: formato aplicado.,GRUPO DE CAPACITACION PUBLICA SAC
GRUPO LA REPUBLICA PUBLICACIONES S.A.,No,Sí,0,,,GRUPO LA REPUBLICA PUBLICACIONES S.A.,,OK,Empresa,20517374661,,,,,alta,Formato normalizado. RUC ACTIVO/HABIDO segun ruc.pe; actividad de impresion; sin sitio web verificado. [2026-09-30] Nombre: formato aplicado.,GRUPO LA REPUBLICA PUBLICACIONES S.A
GRUPO O'CONNOR S.A.,No,Sí,0,,,GRUPO O'CONNOR S.A.,,OK,Empresa,20603742975,,,,,media,"En directorios figura como GRUPO O´CONNOR S.A. (con acento); RUC ACTIVO/HABIDO (San Miguel), arquitectura e ingenieria; sin sitio web visto.",GRUPO O'CONNOR S.A.
GRUPO PERIFERIA S.A.C.,No,Sí,0,,Sí,GRUPO PERIFERIA S.A.C.,,OK,Empresa,20522863441,,,,,media,Formato normalizado. ruc.pe indica ACTIVO/HABIDO pero universidadperu la registra con SUSPENSION TEMPORAL (dato posiblemente antiguo); construccion. [2026-09-30] Nombre: formato aplicado. [2026-09-30] Revisado: estado-contradictorio aceptado.,GRUPO PERIFERIA S.A.C
GRUPO QUIMA SERVICIOS GRAFICOS S.A.C.,No,Sí,0,,,GRUPO QUIMA SERVICIOS GRAFICOS S.A.C.,,OK,Empresa,20538130380,,,,,alta,Formato normalizado. RUC ACTIVO/HABIDO segun ruc.pe (Breña); sin sitio web visto. [2026-09-30] Nombre: formato aplicado.,GRUPO QUIMA SERVICIOS GRAFICOS SAC
GRUPO TRANSFER PERU S.A.C.,No,Sí,0,,,GRUPO TRANSFER PERU S.A.C.,,OK,Empresa,20603635745,,,,,alta,RUC ACTIVO/HABIDO segun ruc.pe (San Juan de Lurigancho); transporte de carga por carretera; sin sitio web visto.,GRUPO TRANSFER PERU S.A.C.
HANA FLOWERS S.A.C.,No,Sí,0,,,HANA FLOWERS S.A.C.,,OK,Empresa,20600095502,,,,,alta,Formato normalizado. RUC registrado en datosperu y compuempresa (Lima); sin sitio web visto. [2026-09-30] Nombre: formato aplicado.,HANA FLOWERS SAC
HANS CHACON GLOBAL CARGO S.A.C.,No,Sí,0,,Sí,HANS CHACON GLOBAL CARGO S.A.C.,,CORREGIDO,Empresa,20504346219,,,,,alta,"Typo GLOVAL -> GLOBAL. Transporte no regular por via aerea, Lince. BAJA DE OFICIO segun universidadperu.com y paginaspyme.com. Sin sitio web visto. [2026-09-30] Nombre: ortografia aplicado. [2026-09-30] Revisado: baja-liquidacion aceptado.",HANS CHACON GLOVAL CARGO S A C
HHDP S.A.C.,No,Sí,0,,,HHDP S.A.C.,,OK,Empresa,20602287697,,,,,media,"Activo/habido, Miraflores (ruc.pe, universidadperu.com). Rubro restaurantes y bares, poco comun para cliente de transportes pero es la unica coincidencia. Sin sitio web visto.",HHDP S.A.C.
HIPERATOS S.A.C.,Sí,Sí,0,,,HIPERATOS S.A.C.,,OK,Empresa,20602252656,https://www.hiperatos.com/,,,,alta,"Activo/habido, La Victoria, venta de articulos deportivos. hiperatos.com cita su RUC en terminos y condiciones.",HIPERATOS S.A.C.
HOME & OFFICE S.A.C.,No,Sí,0,,Sí,HOME & OFFICE S.A.C.,,DUDOSO,Empresa,,,,,,baja,"Varias candidatas sin decision: HOME & OFFICE TECHNOLOGIES PERU S.A.C. (RUC 20519261376, Miraflores, activo) y HOME & OFFICE MANAGEMENT S.A.C. (RUC 20556436879). No existe coincidencia exacta. [2026-09-30] Nombre: formato aplicado. [2026-09-30] Decision del dueño: identidad no confirmada; se conserva el nombre registrado (no se importa el RUC).",HOME & OFFICE SAC
HOTEL PACIFICO S.R.L.,No,Sí,0,,,HOTEL PACIFICO S.R.L.,,OK,Empresa,20128719297,,,,,media,"Activo/habido (ruc.pe, empresasruc.com). Av. 28 de Julio 478, Huacho (Huaura). datosperu.org tambien lo lista como S.C.R.L. Sin sitio web visto. [2026-09-30] Nombre: formato aplicado.",HOTEL PACIFICO S.R.L
HOTELES ESTELAR DEL PERU S.A.C.,Sí,Sí,0,,Sí,HOTELES ESTELAR DEL PERU S.A.C.,,OK,Empresa,20518738314,https://www.estelarmiraflores.com/ | https://hotelesestelar.com/,,,,alta,"Activo/habido, Miraflores, alojamiento. Web oficial del Estelar Miraflores; el grupo tambien usa hotelesestelar.com. Vinculo con la razon social inferido por el nombre. [2026-09-30] Decision del dueño: revisado; se dejan ambos enlaces para elegir el logo.",HOTELES ESTELAR DEL PERU S.A.C.
HUANCA CRUZ S.A.C.,No,Sí,0,,Sí,HUANCA CRUZ S.A.C.,,DUDOSO,Empresa,,,,,,baja,"Coincidencia exacta HUANCA CRUZ S.A.C. RUC 20524921490 en BAJA DE OFICIO, rubro otras actividades de servicio (no compatible). Otras candidatas: EMPRESA DE TRANSPORTES HERMANOS HUANCA CRUZ S.A.C. (20558115557), INVERSIONES HUANCA CRUZ S.A.C. (20615785742). [2026-09-30] Decision del dueño: identidad no confirmada; se conserva el nombre registrado (no se importa el RUC).",HUANCA CRUZ S.A.C.
HUASCARAN S.A.C.,No,Sí,0,,,HUASCARAN S.A.C.,,OK,Empresa,20502981839,,,,,media,"Miraflores, venta al por mayor no especializada (compuempresa.com). Existen otras razones sociales parecidas (CORPORACION HUASCARAN, GAS PERU HUASCARAN) no asignadas. Estado activo no confirmado. Sin sitio web visto. [2026-09-30] Nombre: formato aplicado.",HUASCARAN S.A.C
IDEA 2 GROUP S.A.C.,Sí,Sí,0,,Sí,IDEA 2 GROUP S.A.C.,,OK,Empresa,20600362977,https://www.ideados.com.pe/,,,,alta,"Activo/habido, Lima, publicidad (ruc.pe, empresasruc.com). ideados.com.pe aparece como Idea 2 Group; vinculo al RUC inferido por el nombre. [2026-09-30] Decision del dueño: verificado en la web, el logo dice Idea 2.",IDEA 2 GROUP S.A.C.
IESTP DANIEL ALCIDES CARRION S.A.C.,Sí,Sí,0,,Sí,IESTP DANIEL ALCIDES CARRION S.A.C.,,CORREGIDO,Educativa,20138221157,https://istpdac.edu.pe/,,,,alta,"Razon social completa segun ruc.pe y datosperu.org; IESTP es abreviatura. Activo, Jesus Maria. istpdac.edu.pe no se asigna: no se pudo confirmar que sea la misma entidad privada. [2026-09-30] Nombre: razon-social se conserva el nombre original. [2026-09-30] Decision del dueño: la web carga y esta ok; se asigna como sitio de la institucion.",IESTP DANIEL ALCIDES CARRION S.A.C.
IESTP NORBERT WIENER S.A.C.,No,Sí,0,,,IESTP NORBERT WIENER S.A.C.,,CORREGIDO,Educativa,20253223554,,,,,media,Razon social completa segun ruc.pe y datosperu.org; IESTP es abreviatura. Activo. wienergroup.com solo citado en telefono.pe (directorio) y uwiener.edu.pe es otra entidad; no se asignan. [2026-09-30] Nombre: razon-social se conserva el nombre original.,IESTP NORBERT WIENER S A C
IGLESIA ADVENTISTA DEL SEPTIMO DIA,No,Sí,0,,,IGLESIA ADVENTISTA DEL SEPTIMO DIA,,OK,Asociacion/ONG,20111157058,,,,,media,"Asociacion activa/habida, Av. Comandante Espinar 610, Miraflores (ruc.pe, empresasruc.com). Distinta de ASOCIACION PERUANA DE IGLESIAS CRISTIANAS ADVENTISTAS DEL SEPTIMO DIA (20251450031). Web oficial especifica no confirmada.",IGLESIA ADVENTISTA DEL SEPTIMO DIA
IHEALTH S.A.C.,No,Sí,0,,,IHEALTH S.A.C.,,OK,Empresa,20548223912,,,,,media,"Activo/habido, San Isidro, conocida como Check Salud (universidadperu.com). Sin sitio web visto.",IHEALTH S.A.C.
IMASEN S.A.C.,No,Sí,0,,,IMASEN S.A.C.,,OK,Empresa,20106525456,,,,,media,"Activa, investigacion de mercados (universidadperu.com, ruc.pe). Sin sitio web visto. [2026-09-30] Nombre: formato aplicado.",IMASEN S.A.C
IMEXVET S.A.C.,Sí,Sí,0,,,IMEXVET S.A.C.,,OK,Empresa,20451525451,https://imexvetperu.com/,,,,alta,"Activo/habido, Miraflores, importadora de productos veterinarios (ubicania.com, ruc.pe).",IMEXVET S.A.C.
IMPORTACIONES MOBILIARIAS TRES S.A.C.,No,Sí,0,,,IMPORTACIONES MOBILIARIAS TRES S.A.C.,,OK,Empresa,20602305890,https://almazen.com.pe/,,,,media,"Activo, Miraflores, mobiliario (paginaspyme.com). almazen.com.pe (Almazen Contract Furniture) cita la razon social en el resultado; tambien vende como IM3 en Ripley.",IMPORTACIONES MOBILIARIAS TRES S.A.C.
IMPORTADORA Y EXPORTADORA LAS AMERICAS S.A.C.,No,Sí,0,,,IMPORTADORA Y EXPORTADORA LAS AMERICAS S.A.C.,,OK,Empresa,20553613711,,,,,alta,"Activo/habido, textiles y calzado, La Victoria (ruc.pe, empresasruc.com). Sin sitio web visto. [2026-09-30] Nombre: formato aplicado.",IMPORTADORA Y EXPORTADORA LAS AMERICAS SAC
IMPRESION Y SOLUCIONES TI S.A.C.,No,Sí,0,,,IMPRESION Y SOLUCIONES TI S.A.C.,,OK,Empresa,20553575525,,,,,media,"Activo/habido, Lince (ruc.pe). universidadperu.com indica que ahora figura como TECH AND DIGITAL INNOVATION S.A.C. (nombre anterior: Impresion y Soluciones Ti). Sin sitio web visto.",IMPRESION Y SOLUCIONES TI S.A.C.
INDUSTRIA DE MUEBLES CATALAN E.I.R.L.,No,Sí,0,,,INDUSTRIA DE MUEBLES CATALAN E.I.R.L.,,OK,Empresa,20509177971,,,,,alta,"Activo (paginaspyme.com), Jr. Huaraz 1619, Brena. Solo cambia el formato societario. Sin sitio web visto. [2026-09-30] Nombre: formato aplicado.",INDUSTRIA DE MUEBLES CATALAN E.I.R.L
INDUSTRIA STRONG STEEL S.A.C.,No,Sí,0,,,INDUSTRIA STRONG STEEL S.A.C.,,OK,Empresa,20538000681,,,,,alta,"Fabricacion de productos metalicos estructurales, Ate/Lurigancho (datosperu.org, compuempresa.com). Distinta de STRONG STEEL PERU S.A.C. (20607411728). Sin sitio web visto.",INDUSTRIA STRONG STEEL S.A.C.
INDUSTRIAL INSPECTION SERVICES S.A.C.,Sí,Sí,0,,,INDUSTRIAL INSPECTION SERVICES S.A.C.,,OK,Empresa,20551960448,https://www.iis.com.pe/,,,,alta,"Activo/habido, Jr. Jose de la Torre Ugarte 234, Lince (ruc.pe). iis.com.pe se presenta como Industrial Inspection Services SAC. [2026-09-30] Nombre: formato aplicado.",INDUSTRIAL INSPECTION SERVICES SAC
INDUSTRIAS CIENTIFICAS S.R.L.,No,Sí,0,,,INDUSTRIAS CIENTIFICAS S.R.L.,,OK,Empresa,20416626970,,,,,alta,"Solo formato societario. Nombre comercial Inducien SRL; Surco, ACTIVO/HABIDO (ruc.pe, datosperu.org). Sin sitio web visto. [2026-09-30] Nombre: formato aplicado.",INDUSTRIAS CIENTIFICAS S R L
INDUSTRIA DEL CALZADO SEMPERTEGUI S.C.R.L.,No,Sí,0,,,INDUSTRIA DEL CALZADO SEMPERTEGUI S.C.R.L.,,CORREGIDO,Empresa,20505137427,https://www.gruposempert.com/,,,,media,"Razon social inscrita es INDUSTRIA (singular) DEL CALZADO SEMPERTEGUI; Los Olivos, ACTIVO/HABIDO (ruc.pe). Sitio gruposempert.com visto en resultados titulado Industria de calzado sempertegui (marca Inca Sempert). [2026-09-30] Nombre: ortografia aplicado.",INDUSTRIAS DEL CALZADO SEMPERTEGUI S.C.R.L.
INGENIERIA DE LA INFORMATICA S.A.,No,Sí,0,,,INGENIERIA DE LA INFORMATICA S.A.,,CORREGIDO,Empresa,20102188293,,,,,media,"Razon social completa segun SUNAT (ruc.pe, datosperu.org); nombre comercial Infordata; Lima, ACTIVO/HABIDO. Sin sitio oficial visto. [2026-09-30] Nombre: razon-social se conserva el nombre original.",INGENIERIA DE LA INFORMATICA S.A
INGENIEROS EMETRES PERU S.A.C.,No,Sí,0,,,INGENIEROS EMETRES PERU S.A.C.,,OK,Empresa,20554458344,,,,,alta,"ACTIVO/HABIDO (ruc.pe); ingenieria y consultoria tecnica, Lima. Sin sitio web visto.",INGENIEROS EMETRES PERU S.A.C.
INGETECNIA S.A.C.,No,Sí,0,,Sí,INGETECNIA S.A.C.,,DUDOSO,Empresa,,,,,,baja,"Sin coincidencia exacta. Candidatas: INGETECNIA PERU S.A.C. (RUC 20600207122, consultoria, Miraflores/San Isidro), INGETECNIA S.A.C. (Pueblo Libre, RUC no verificado), INGETECNIA CORP S.A.C. (mineria, Miraflores). No se asigna RUC. [2026-09-30] Decision del dueño: identidad no confirmada; se conserva el nombre registrado (no se importa el RUC).",INGETECNIA S.A.C.
INMOBILIARIA CARDENAS S.A.C.,No,Sí,0,,,INMOBILIARIA CARDENAS S.A.C.,,OK,Empresa,20109280101,,,,,alta,"ACTIVO/HABIDO, Lima, activ. inmobiliarias (ruc.pe, ruc360.info). No confundir con Inmobiliaria y Constructora Cardenas S.A.C. (Trujillo). Sin sitio web visto.",INMOBILIARIA CARDENAS S.A.C.
INMOBILIARIA MISKI S.A.C.,No,Sí,0,,,INMOBILIARIA MISKI S.A.C.,,OK,Empresa,20511599696,,,,,alta,"Razon social SUNAT: INMOBILIARIA MISKI SOCIEDAD ANONIMA CERRADA; Jesus Maria, ACTIVO/HABIDO (ruc.pe). Sin sitio web visto. [2026-09-30] Nombre: formato aplicado.",INMOBILIARIA MISKI S.A.C
INMOBILIARIA VIVIR S.A.C.,No,Sí,0,,,INMOBILIARIA VIVIR S.A.C.,,OK,Empresa,20545095379,,,,,media,"Comas, Lima; inicio 2015 (universidadperu.com, datosperu.org). Existe homonimo parcial VIVIR PROMOTORA INMOBILIARIA SAC (Surquillo) que no se asigna. Sin sitio web visto. [2026-09-30] Nombre: formato aplicado.",INMOBILIARIA VIVIR SAC
INMOBILIARIA DE TURISMO S.A.,No,Sí,0,,,INMOBILIARIA DE TURISMO S.A.,,CORREGIDO,Empresa,20136847237,,,,,alta,"Typo INMOBILIARIO -> INMOBILIARIA. Nombre comercial Sonesta Posada del Inca; San Isidro, ACTIVO/HABIDO (ruc.pe). Sin sitio oficial visto. [2026-09-30] Nombre: ortografia aplicado.",INMOBILIARIO DE TURISMO S.A
INSTITUTO DEL MAR DEL PERU,Sí,Sí,0,,,INSTITUTO DEL MAR DEL PERU,,OK,Institucion publica,20148138886,https://www.gob.pe/es/imarpe,,,,alta,"IMARPE, organismo del Ministerio de la Produccion; Callao, ACTIVO/HABIDO. Directorios lo listan como INSTITUTO DEL MAR DEL PERU - IMARPE. Portal oficial visto en gob.pe (tambien enfen.imarpe.gob.pe).",INSTITUTO DEL MAR DEL PERU
INSTITUTO PAIS,No,Sí,0,,,INSTITUTO PAIS,,OK,Asociacion/ONG,20523517580,,,,,media,"Asociacion, San Isidro, ACTIVO (ruc.pe, datosperu.org). Coincidencia por nombre exacto; sin sitio web visto.",INSTITUTO PAIS
INTEGRARQ S.A.C.,No,Sí,0,,,INTEGRARQ S.A.C.,,OK,Empresa,20603010311,,,,,alta,"Constructora, Jesus Maria, ACTIVO/HABIDO (ruc.pe, datosperu.org). Sin sitio web visto. [2026-09-30] Nombre: formato aplicado.",INTEGRARQ S.A.C
INTERNATIONAL SERVICES PERU S.A.C.,No,Sí,0,,Sí,INTERNATIONAL SERVICES PERU S.A.C.,,OK,Empresa,20546030700,,,,,media,"Figura como INTERNATIONAL SERVICES PERU SAC EN LIQUIDACION (enorcerna.com, compuempresa.com); rubro seguros. Otras homonimas no asignadas (International Services Incorporated SAC, Advanced International Services del Peru). [2026-09-30] Revisado: baja-liquidacion aceptado.",INTERNATIONAL SERVICES PERU S.A.C.
INVERSIONES AUTOMOTRICES DEL PERU S.A.C.,No,Sí,0,,,INVERSIONES AUTOMOTRICES DEL PERU S.A.C.,,OK,Empresa,20600085612,,,,,alta,"San Luis, repuestos automotrices, ACTIVO/HABIDO (ruc.pe). No confundir con INVERSIONES AUTOMOTRICES S.A. (RUC 20134186675). Sin sitio web visto. [2026-09-30] Nombre: formato aplicado.",INVERSIONES AUTOMOTRICES DEL PERU SAC
INVERSIONES CAPELLA S.A.C.,No,Sí,0,,Sí,INVERSIONES CAPELLA S.A.C.,,OK,Empresa,20546131727,,,,,media,"Directorios la listan EN LIQUIDACION (universidadperu.com, compuempresa.com) pero ruc.pe muestra ACTIVO/HABIDO en San Borja: datos contradictorios, verificar en SUNAT. Sin sitio web visto. [2026-09-30] Nombre: formato aplicado. [2026-09-30] Revisado: estado-contradictorio aceptado.",INVERSIONES CAPELLA SAC
INVERSIONES M 1 S.A.C.,No,Sí,0,,,INVERSIONES M 1 S.A.C.,,OK,Empresa,20511633037,,,,,alta,"Nombre comercial Pardos Chicken; San Borja, ACTIVO/HABIDO (ruc.pe, datosperu.org). Sitio oficial de la marca no visto en resultados. [2026-09-30] Nombre: formato aplicado.",INVERSIONES M 1 S.A.C
INVERSIONES OPTICAS S.A.C.,No,Sí,0,,,INVERSIONES OPTICAS S.A.C.,,OK,Empresa,20502824733,,,,,alta,"Nombre comercial Oxo Laboratorio Optico; Lince, ACTIVO/HABIDO (ruc.pe, empresasruc.com). Sin sitio web visto. [2026-09-30] Nombre: formato aplicado.",INVERSIONES OPTICAS S.A.C
INVERSIONES SERIVIAL S.A.C.,No,Sí,0,,,INVERSIONES SERIVIAL S.A.C.,,OK,Empresa,20512303961,,,,,alta,"San Juan de Lurigancho, ferreteria/materiales, ACTIVO/HABIDO (ruc.pe). Sin sitio web visto.",INVERSIONES SERIVIAL S.A.C.
INVERSIONES TURISTICAS LOMBARDI S.A.C.,No,Sí,0,,,INVERSIONES TURISTICAS LOMBARDI S.A.C.,,OK,Empresa,20517671364,,,,,alta,"Nombre comercial Turisticas Peru; Pueblo Libre, ACTIVO/HABIDO (ruc.pe). Sin sitio web visto. [2026-09-30] Nombre: formato aplicado.",INVERSIONES TURISTICAS LOMBARDI SAC
INVERSIONES VIGO VENTURO S.A.C.,No,Sí,0,,,INVERSIONES VIGO VENTURO S.A.C.,,OK,Empresa,20600632052,,,,,media,"Nombre exacto; domicilio discrepante entre directorios (Ate segun ruc.pe, Trujillo segun compuempresa.com/universidadperu.com); ACTIVO/HABIDO. Sin sitio web visto.",INVERSIONES VIGO VENTURO S.A.C.
ISA PERU GROUP S.A.C.,No,Sí,0,,,ISA PERU GROUP S.A.C.,,OK,Empresa,20491975513,,,,,alta,"Restaurante La Strada; Lima (Santa Beatriz), ACTIVO/HABIDO (ruc.pe, empresasruc.com). Sin sitio web visto. [2026-09-30] Nombre: formato aplicado.",ISA PERU GROUP SOCIEDAD ANONIMA CERRADA
J Y E PETS S.A.C.,No,Sí,0,,,J Y E PETS S.A.C.,,OK,Empresa,20524751390,,,,,alta,"Razon social confirmada (comxport.com, veritradecorp.com); domicilio Barranco; sin sitio web visto. [2026-09-30] Nombre: formato aplicado.",J Y E PETS S.A.C
J MULTICAMPS S.A.C.,No,Sí,0,,Sí,J MULTICAMPS S.A.C.,,OK,Empresa,20552246927,,,,,media,SUNAT: J MULTICAMPS S.A.C. (nombre comercial J Multiservicios y Campamentos); universidadperu.com la marca en BAJA DE OFICIO mientras ruc.pe la muestra ACTIVO (dato contradictorio); sin sitio web visto. [2026-09-30] Nombre: formato aplicado. [2026-09-30] Revisado: estado-contradictorio aceptado.,J.MULTICAMPS S.A.C.
JAVIER ARTURO MARENGO ROMERO,No,Sí,0,,,,,PERSONA_NATURAL,Persona natural,,,,,,,,JAVIER ARTURO MARENGO ROMERO
JOEL BUSTAMANTE GALVEZ,No,Sí,0,,,,,PERSONA_NATURAL,Persona natural,,,,,,,,JOEL BUSTAMANTE GALVEZ
JORGE GALVEZ SEMPERTEGUI,No,Sí,0,,,,,PERSONA_NATURAL,Persona natural,,,,,,,,JORGE GALVEZ SEMPERTEGUI
JORGE PEÑA S.A.,No,Sí,0,,,JORGE PEÑA S.A.,,CORREGIDO,Empresa,20101015492,,,,,media,"SUNAT: JORGE PEÑA S A JORPESA (textiles al por mayor, Rimac, ACTIVO/HABIDO) segun ruc.pe y datosperu.org; el original parece truncado; sin sitio web visto. [2026-09-30] Nombre: razon-social se conserva el nombre original.",JORGE PEÑA S.A
JOSE ANTONIO CUYA PONCE,No,Sí,0,,,,,PERSONA_NATURAL,Persona natural,,,,,,,[2026-09-30] Nombre: corregida la ñ en minuscula (ANTOñIO -> ANTONIO).,JOSE ANTOñIO CUYA PONCE
KOREA COMMERCE DEL PERU S.A.C.,No,Sí,0,,Sí,KOREA COMMERCE DEL PERU S.A.C.,,CORREGIDO,Empresa,20548538077,,,,,media,"Typo KOMMERCE corregido. datosperu.org/perudalia.com: KOREA COMMERCE DEL PERU S.A.C. - KCOMP S.A.C., San Borja, inicio 2012; paginaspyme.com la indica en BAJA DE OFICIO. Sitio web no encontrado. [2026-09-30] Nombre: ortografia aplicado. [2026-09-30] Decision del dueño: se conserva el nombre con que se le atendio (sin el alias KCOMP); registro historico, no destacado.",KOREA KOMMERCE DEL PERU S.A.C.
KPA S.A.C.,No,Sí,0,,Sí,KPA S.A.C.,,DUDOSO,Empresa,,,,,,baja,"Candidatas: CORPORACION PERUANO ALEMANA DE CONSULTORIA Y DESARROLLO INDUSTRIAL S.A.C. (RUC 20202971157, marca KPA, dominio kpaperu.com visto solo en resultado de busqueda); CONSTRUCTORA KPA S.A.C. (inicio 2026); KPA TEXTIL S.A.C. (RUC 20612931781). No se puede decidir. [2026-09-30] Nombre: formato aplicado. [2026-09-30] Decision del dueño: identidad no confirmada; se conserva el nombre registrado (no se importa el RUC).",KPA S.A.C
LHK S.A.C.,No,Sí,0,,Sí,LHK S.A.C.,,CORREGIDO,Empresa,,,,,,baja,"ruc.pe lista LHK SAC (Surquillo, ACTIVO) pero no se pudo leer el RUC; otras candidatas: CORPORACION L-H S.A.C. (Lurigancho) y KLH PERU SAC; coincidencia por nombre solamente. [2026-09-30] Nombre: formato aplicado. [2026-09-30] Decision del dueño: se deja en la lista, sin RUC; no se destaca.",L H K SAC
LA BODEGUITA DEL MAR S.A.C.,No,Sí,0,,,LA BODEGUITA DEL MAR S.A.C.,,OK,Empresa,20519273978,,,,,media,"SUNAT: LA BODEGUITA DEL MAR SOCIEDAD ANONIMA CERRADA-LA BODEGUITA DEL MAR S.A.C. (San Isidro, venta mayorista); sin sitio web visto; posible homonimo con el restaurante.",LA BODEGUITA DEL MAR S.A.C.
LA CASA DEL PROBOX S.A.C.,No,Sí,0,,,LA CASA DEL PROBOX S.A.C.,,OK,Empresa,20537304422,,,,,alta,"Razon social confirmada (ruc.pe, datosperu.org); San Juan de Lurigancho, ACTIVO/HABIDO; repuestos y accesorios; sin sitio web visto.",LA CASA DEL PROBOX S.A.C.
LANCE GRAFICO S.A.C.,No,Sí,0,,,LANCE GRAFICO S.A.C.,,OK,Empresa,20429258376,,,,,alta,"Razon social confirmada (ruc.pe, comxport.com); Lince, impresion, ACTIVO/HABIDO; sin sitio web visto. [2026-09-30] Nombre: formato aplicado.",LANCE GRAFICO S.A.C
LEALVA S.A.C.,No,Sí,0,,,LEALVA S.A.C.,,OK,Empresa,20544921461,,,,,alta,"Razon social confirmada; nombre comercial Bee; Brena, ACTIVO; telefono.pe cita el dominio bee.com.pe pero solo en un directorio, no se pone como sitio.",LEALVA S.A.C.
LEGALIA S.A.,No,Sí,0,,,LEGALIA S.A.,,OK,Empresa,20451546458,,,,,alta,"SUNAT: LEGALIA SOCIEDAD ANONIMA - LEGALIA S.A. (estudio juridico, Miraflores); sin sitio web visto. [2026-09-30] Nombre: formato aplicado.",LEGALIA S. A
LINDER DIGITAL S.A.C.,No,Sí,0,,,LINDER DIGITAL S.A.C.,,OK,Empresa,20513617683,,,,,alta,"Razon social confirmada (ruc.pe, datosperu.org); Lima, ACTIVO/HABIDO; sin sitio web visto. [2026-09-30] Nombre: formato aplicado.",LINDER DIGITAL S A C
LINDER REPRESENTACIONES S.A.,No,Sí,0,,,LINDER REPRESENTACIONES S.A.,,OK,Empresa,20503700892,,,,,alta,"Razon social confirmada (ruc.pe, datosperu.org); Santa Beatriz Lima, ACTIVO/HABIDO; sin sitio web visto. [2026-09-30] Nombre: formato aplicado.",LINDER REPRESENTACIONES S A
LOGISTICA ALESSANDRA E.I.R.L.,No,Sí,0,,,LOGISTICA ALESSANDRA E.I.R.L.,,OK,Empresa,20605352228,,,,,alta,"Razon social confirmada (ruc.pe, datosperu.org); San Miguel, transporte de carga, ACTIVO/HABIDO; sin sitio web visto.",LOGISTICA ALESSANDRA E.I.R.L.
LOOK IMAGEN CORPORATIVA S.A.C.,No,Sí,0,,Sí,LOOK IMAGEN CORPORATIVA S.A.C.,,OK,Empresa,20516886863,,,,,media,"Razon social confirmada (datosperu.org, perudalia.com); domicilio Asia (Canete); universidadperu.com la marca BAJA DE OFICIO; sin sitio web visto. [2026-09-30] Nombre: formato aplicado. [2026-09-30] Revisado: baja-liquidacion aceptado.",LOOK IMAGEN CORPORATIVA S.A.C
LOS PORTALES S.A.,Sí,Sí,0,,Sí,LOS PORTALES S.A.,,OK,Empresa,20301837896,https://www.losportalescorporativo.com.pe/ | https://www.losportales.com.pe/,,,,alta,"SUNAT: LOS PORTALES S.A. (Magdalena del Mar, ACTIVO/HABIDO); sitio corporativo visto en resultados; sitio inmobiliario alterno https://www.losportales.com.pe/ ; no se verifico que el sitio pertenezca a este RUC exacto. [2026-09-30] Nombre: formato aplicado. [2026-09-30] Decision del dueño: ambos sitios validados; se dejan los dos enlaces para elegir el logo.",LOS PORTALES S.A
LOYALTY PERU S.A.C.,No,Sí,0,,,LOYALTY PERU S.A.C.,,OK,Empresa,20381600441,,,,,alta,"Razon social confirmada (ruc.pe, rucperu.com); nombre comercial Bonus; Santiago de Surco, ACTIVO/HABIDO; loyalty.pe es un corredor de seguros sin relacion comprobada, no se usa como sitio.",LOYALTY PERU S.A.C.
M N R S.A.C.,No,Sí,0,,Sí,M N R S.A.C.,,NO_ENCONTRADO,Empresa,,,,,,baja,Sin coincidencia fiable en directorios (nombre demasiado corto/generico). [2026-09-30] Nombre: formato aplicado. [2026-09-30] Decision del dueño: identidad no confirmada; se conserva el nombre registrado (no se importa el RUC).,M N R S.A.C
M.G TRADING S.A.C.,No,Sí,0,,,M.G TRADING S.A.C.,,OK,Empresa,20143703313,https://mg.com.pe/,,,,media,Formato normalizado. RUC activo/habido en Lince (ruc.pe). Sitio mg.com.pe (telecomunicaciones) visto en resultados; rubro SUNAT tambien telecom. [2026-09-30] Nombre: formato aplicado.,M.G TRADING S.A.C
MANUFACTURA DE CALZADO MINI S.A.,No,Sí,0,,,MANUFACTURA DE CALZADO MINI S.A.,,CORREGIDO,Empresa,20101607071,,,,,media,"Falta ""DE"" en el nombre. Razon social actual: CALZADO 1988 SOCIEDAD ANONIMA (anterior Manufactura de Calzado Mini S.A.), activo (universidadperu.com, datosperu.org). [2026-09-30] Nombre: ortografia aplicado.",MANUFACTURA CALZADO MINI S.A.
MARINA MORA PRODUCTOS E.I.R.L.,No,Sí,0,,,MARINA MORA PRODUCTOS E.I.R.L.,,OK,Empresa,20516019981,,,,,media,"Formato normalizado. Activa en San Isidro, venta mayorista (datosperu.org). No se hallo sitio oficial; existe otra empresa distinta MARINA MORA E.I.R.L. (RUC 20507870792). [2026-09-30] Nombre: formato aplicado.",MARINA MORA PRODUCTOS E I R L
MARQUEZ BELTRAN KARIN SUGERIN,No,Sí,0,,,,,PERSONA_NATURAL,Persona natural,,,,,,,,MARQUEZ BELTRAN KARIN SUGERIN
MARTINEZ CERVANTES LUIS ENRIQUE,No,Sí,0,,,,,PERSONA_NATURAL,Persona natural,,,,,,,,MARTINEZ CERVANTES LUIS ENRIQUE
MASED REPRESENTACIONES S.A.C.,Sí,Sí,0,,,MASED REPRESENTACIONES S.A.C.,,CORREGIDO,Empresa,20516809524,https://masedperu.com/,,,,alta,"MASED REPRESENTACIONES es el nombre comercial; razon social SUNAT: MEDIO AMBIENTE SALUD Y EDUCACION REPRESENTACIONES S.A.C. (ruc.pe). Equipos de laboratorio, Lima. [2026-09-30] Nombre: razon-social se conserva el nombre original.",MASED REPRESENTACIONES S.A.C.
MASKAF E.I.R.L.,No,Sí,0,,,MASKAF E.I.R.L.,,CORREGIDO,Empresa,20521940914,,,,,alta,"Antes E.I.R.L., ahora MASKAF S.A.C. (universidadperu.com, datosperu.org). Mismo RUC, activa. No se hallo sitio oficial. [2026-09-30] Nombre: razon-social se conserva el nombre original.",MASKAF E.I.R.L.
MAVEC RENTAL SERVICE E.I.R.L.,Sí,Sí,0,,,MAVEC RENTAL SERVICE E.I.R.L.,,OK,Empresa,20548248826,https://www.mavecperu.com/,,,,alta,Nombre coincide. Activo/habido (ruc.pe). Sitio mavecperu.com cita el mismo RUC en sus terminos y condiciones.,MAVEC RENTAL SERVICE E.I.R.L.
MAYORSA S.A.,No,Sí,0,,,MAYORSA S.A.,,OK,Empresa,20108730294,,,,,media,"Activo/habido en Santiago de Surco, venta mayorista (ruc.pe, datosperu.org). Hay otras empresas con MAYORSA en el nombre (p. ej. MAYORSA PERU S.R.L.); se eligio la de nombre exacto. Sin sitio oficial hallado.",MAYORSA S.A.
MCCO INTERNATIONAL BUSINESS S.A.C.,Sí,Sí,0,,,MCCO INTERNATIONAL BUSINESS S.A.C.,,OK,Empresa,20508699035,https://mccobusiness.net/,,,,alta,Formato normalizado; razon social SUNAT: MCCO INTERNATIONAL BUSINESS SOCIEDAD ANONIMA CERRADA. Activa en La Victoria (ruc.pe). Sitio mccobusiness.net visto en resultados. [2026-09-30] Nombre: formato aplicado.,MCCO INTERNATIONAL BUSINESS SAC
MEDICALTECH PERU S.A.C.,Sí,Sí,0,,,MEDICALTECH PERU S.A.C.,,OK,Empresa,20519491967,https://medicaltechperu.com/,,,,alta,Formato normalizado. Activa en Miraflores (ruc.pe). La politica de privacidad de medicaltechperu.com cita la misma direccion fiscal (Tarata 269 Of. 212). [2026-09-30] Nombre: formato aplicado.,MEDICALTECH PERU S A C
MEDVIDA SALUD E.I.R.L.,No,Sí,0,,,MEDVIDA SALUD E.I.R.L.,,OK,Empresa,20551654321,,,,,media,"Activa en San Martin de Porres (ruc.pe). Existe medvidasalud.com (Medvida Salud Ocupacional) pero un directorio lo asocia a otra razon social (MV TELEMEDICINA Y CONSULTORIA MEDICA E.I.R.L.), por eso no se asigna sitio.",MEDVIDA SALUD E.I.R.L.
MEGA TRAZO S.A.C.,No,Sí,0,,,MEGA TRAZO S.A.C.,,OK,Empresa,20514200808,,,,,alta,"Razon social SUNAT: MEGA TRAZO SOCIEDAD ANONIMA CERRADA; formato normalizado. Activa/habida, imprenta (ruc.pe, datosperu.org). Sin sitio oficial hallado. [2026-09-30] Nombre: formato aplicado.",MEGA TRAZO S.A.C
MERCADEANDO S.A.,No,Sí,0,,,MERCADEANDO S.A.,,OK,Empresa,20510598246,,,,,alta,Razon social SUNAT: MERCADEANDO SOCIEDAD ANONIMA. Activa/habida (ruc.pe). Sin sitio oficial hallado. [2026-09-30] Nombre: formato aplicado.,MERCADEANDO S.A
MERCADEO Y PROMOCIONES INTELIGENTES S.A.C.,No,Sí,0,,,MERCADEO Y PROMOCIONES INTELIGENTES S.A.C.,,OK,Empresa,20493106768,,,,,alta,"Nombre coincide. Publicidad, San Borja (universidadperu.com, datosperu.org). Sin sitio oficial hallado.",MERCADEO Y PROMOCIONES INTELIGENTES S.A.C.
MICHELL Y CIA S.A.,Sí,Sí,0,,Sí,MICHELL Y CIA S.A.,,OK,Empresa,20100192650,https://www.michell.com.pe/es,,,,alta,"Formato normalizado. Activa/habida en Arequipa, textil (ruc.pe). Sitio michell.com.pe (hilados de alpaca) visto en resultados; coincidencia por nombre y rubro. [2026-09-30] Nombre: formato aplicado. [2026-09-30] Decision del dueño: sitio validado por el dueño.",MICHELL Y CIA S.A
MICROVASCULAR CENTER S.A.C.,No,Sí,0,,,MICROVASCULAR CENTER S.A.C.,,OK,Empresa,20605559825,,,,,media,"Nombre coincide. Activa/habida en San Borja, actividades de medicos y odontologos (ruc.pe, datosperu.org). Sin sitio oficial hallado.",MICROVASCULAR CENTER S.A.C.
MINERA PEÑOLES DE PERU S.A.,No,Sí,0,,,MINERA PEÑOLES DE PERU S.A.,,OK,Empresa,20262850545,,,,,alta,Formato normalizado. Activa/habida en San Isidro (ruc.pe). Sin sitio oficial propio hallado. [2026-09-30] Nombre: formato aplicado.,MINERA PEÑOLES DE PERU S A
MINISTERIO DE EDUCACION,Sí,Sí,0,,,MINISTERIO DE EDUCACION,,OK,Institucion publica,20131370998,https://minedu.gob.pe/,,,,alta,"Activo/habido (ruc.pe, facilruc.com). Sitio oficial minedu.gob.pe visto en resultados.",MINISTERIO DE EDUCACION
MIXMADE COMUNICACIONES S.A.C.,No,Sí,0,,Sí,MIXMADE COMUNICACIONES S.A.C.,,OK,Empresa,20543794717,,,,,alta,"Formato normalizado. Publicidad, Miraflores (datosperu.org, compuempresa.com). No confundir con MIXMADE S.A.C. (RUC 20516713764, baja de oficio). Sin sitio oficial hallado. [2026-09-30] Nombre: formato aplicado. [2026-09-30] Revisado: baja-liquidacion aceptado.",MIXMADE COMUNICACIONES SAC
MM CONSULTORES,Sí,Sí,0,,Sí,MM CONSULTORES,,DUDOSO,Empresa,,,,,,baja,"Varias candidatas: MM CONSULTORES E INGENIERIA S.A.C. (20608080474, Jesus Maria, desde 2021), M & M CONSULTORES PERU E.I.R.L. (Jesus Maria), MM CONSULTORA E.I.R.L. (San Borja), MM CONSULTING ASSOCIATED S.A.C. (Lince), M&M CONSULTORES E.I.R.L. (Piura), MM CONSULTORES Y MULTISERVICIOS S.C.R.L. (20563912155). No se puede decidir. [2026-09-30] Decision del dueño: identidad no confirmada; se conserva el nombre registrado (no se importa el RUC).",MM CONSULTORES
MO BISTRO S.A.C.,No,Sí,0,,,MO BISTRO S.A.C.,,OK,Empresa,20602176542,,,,,alta,"Solo formato societario. Restaurante en Miraflores, ACTIVO/HABIDO (ruc.pe, datosperu.org). Sin sitio web oficial encontrado. [2026-09-30] Nombre: formato aplicado.",MO BISTRO S.A.C
MONTT & ASSOCIATES S.A.,No,Sí,0,,,MONTT & ASSOCIATES S.A.,,CORREGIDO,Empresa,20545158044,,,,,media,"Razon social SUNAT lleva ""&"" (ruc.pe, datosperu.org, tramitesperu.com). San Isidro, ACTIVO/HABIDO. Sin sitio oficial visto en resultados. [2026-09-30] Nombre: formato aplicado.",MONTT ASSOCIATES S.A
MOVIX PERU S.A.C.,No,Sí,0,,Sí,MOVIX PERU S.A.C.,,OK,Empresa,20513369337,,,,,media,"Formato societario normalizado. ruc.pe: ACTIVO/HABIDO, Miraflores, telecomunicaciones. universidadperu.com muestra una ficha ""en liquidacion"" posiblemente relacionada; verificar. Dominio movix.com solo citado en telefono.pe (directorio), no se pone como sitio. [2026-09-30] Nombre: formato aplicado. [2026-09-30] Revisado: estado-contradictorio aceptado.",MOVIX PERU SAC
MULTIALMACENES DEL PERU S.A.C.,No,Sí,0,,,MULTIALMACENES DEL PERU S.A.C.,,CORREGIDO,Empresa,20600132386,,,,,alta,"Typo corregido (MULTIALMASENES -> MULTIALMACENES). Ate, ACTIVO/HABIDO (ruc.pe, datosperu.org, enorcerna.com). Sin sitio web oficial visto. [2026-09-30] Nombre: ortografia aplicado.",MULTIALMASENES DEL PERU SAC
MUNICIPALIDAD DISTRITAL DE JORGE CHAVEZ,No,Sí,0,,Sí,MUNICIPALIDAD DISTRITAL DE JORGE CHAVEZ,,CORREGIDO,Institucion publica,20204885223,https://www.gob.pe/munijorgechavez,,,,baja,"Razon social lleva ""DE"". Unica candidata hallada: Celendin, Cajamarca (ACTIVO/HABIDO, ruc.pe/datosperu.org); confirmar que es la del cliente. Portal oficial en gob.pe. [2026-09-30] Nombre: ortografia aplicado. [2026-09-30] Decision del dueño: se asume que es esta municipalidad; no se destaca.",MUNICIPALIDAD DISTRITAL JORGE CHAVEZ
NATGEN S.A.C.,No,Sí,0,,,NATGEN S.A.C.,,OK,Empresa,20601908761,,,,,media,"Drogueria Natgen SAC, San Juan de Lurigancho, ACTIVO (ruc.pe, datosperu.org). Sin sitio oficial visto.",NATGEN S.A.C.
NAVAMA S.A.C.,No,Sí,0,,,NAVAMA S.A.C.,,OK,Empresa,20600039696,,,,,media,"Formato societario normalizado. Lurin, ACTIVO/HABIDO (ruc.pe, datosperu.org). Sin sitio oficial visto. [2026-09-30] Nombre: formato aplicado.",NAVAMA SAC
NBN COPIERS S.A.C.,No,Sí,0,,,NBN COPIERS S.A.C.,,OK,Empresa,20519083508,,,,,alta,"Nombre comercial NBN Importadores. Lince, ACTIVO (ruc.pe, datosperu.org). Sin sitio oficial visto.",NBN COPIERS S.A.C.
NEGOCIACION DOBLE CAM S.A.C.,No,Sí,0,,,NEGOCIACION DOBLE CAM S.A.C.,,OK,Empresa,20383833451,,,,,alta,"Nombre comercial Doble Cam S.A.C. (universidadperu.com, datosperu.org). Sin sitio oficial visto.",NEGOCIACION DOBLE CAM S.A.C.
NEUROSOFT PERU S.A.C.,No,Sí,0,,,NEUROSOFT PERU S.A.C.,,OK,Empresa,20569012563,,,,,alta,"Policlinico Bienestar Laboral, La Victoria, ACTIVO/HABIDO (ruc.pe, perudalia.com). Sin sitio oficial visto. No confundir con Neurosoft S.A.C. de El Tambo (20486696380). [2026-09-30] Nombre: formato aplicado.",NEUROSOFT PERU S.A.C
NEWREST PERU S.A.C.,Sí,Sí,0,,,NEWREST PERU S.A.C.,,OK,Empresa,20381235051,https://www.newrest.eu/es/nuestra-red/peru/,,,,alta,"Formato societario normalizado. Callao, ACTIVO/HABIDO (ruc.pe). Sitio = pagina Peru del grupo Newrest (visto en resultados). [2026-09-30] Nombre: formato aplicado.",NEWREST PERU S A C
NILSER FERNANDEZ GALVEZ,No,Sí,0,,,,,PERSONA_NATURAL,Persona natural,,,,,,,,NILSER FERNANDEZ GALVEZ
NIPPON KOEI LATIN AMERICA CARIBBEAN CO LTD SUCURSAL DEL PERU,No,Sí,0,,,NIPPON KOEI LATIN AMERICA CARIBBEAN CO LTD SUCURSAL DEL PERU,,CORREGIDO,Empresa,20507481974,,,,,alta,"Nombre truncado; completado con razon social SUNAT (ruc.pe, apps.osce.gob.pe). Santiago de Surco, ACTIVO/HABIDO. Dominio nklac.com solo citado en telefono.pe (directorio), no se pone como sitio. [2026-09-30] Nombre: ortografia aplicado.",NIPPON KOEI LATIN AMERICA CARIBBEAN CO LTD SUCURSA
NIPPON SUISAN AMERICA LATINA PERU S.A.,No,Sí,0,,,NIPPON SUISAN AMERICA LATINA PERU S.A.,,OK,Empresa,20507285105,,,,,media,"Cambio de razon social: actual NISSUI AMERICA LATINA PERU S.A. (universidadperu.com, datosperu.org, perudalia.com); ACTIVO. Se conserva el nombre original del cliente. [2026-09-30] Nombre: formato aplicado.",NIPPON SUISAN AMERICA LATINA PERU S A
NL PERU S.A.C.,No,Sí,0,,,NL PERU S.A.C.,,OK,Empresa,20544225040,,,,,media,"Razon social inscrita NL PERU SOCIEDAD ANONIMA CERRADA (datosperu.org). Sin sitio oficial visto. Otras empresas parecidas descartadas (Nederland Peru, NL Group). [2026-09-30] Nombre: formato aplicado.",NL PERU SAC
NOBLEKA S.A.C.,Sí,Sí,0,,,NOBLEKA S.A.C.,,OK,Empresa,20518287126,https://nobleka.com/,,,,alta,"Formato societario normalizado. Nombre comercial Nobleka Digital, San Borja, ACTIVO/HABIDO (ruc.pe, datosperu.org). Dominio nobleka.com visto en resultados (pagina Robatech). [2026-09-30] Nombre: formato aplicado.",NOBLEKA S A C
NOGAL S.A.,No,Sí,0,,Sí,NOGAL S.A.,,DUDOSO,Empresa,,,,,,baja,"Candidatas: NOGAL S.A. EN LIQUIDACION RUC 20102027281 (San Isidro, perudalia.com/universidadperu.com) y EL NOGAL S.A. RUC 20100149304 (Santiago de Surco). No se puede decidir; RUC vacio. [2026-09-30] Nombre: formato aplicado. [2026-09-30] Decision del dueño: identidad no confirmada; se conserva el nombre registrado (no se importa el RUC).",NOGAL S A
NORTHING S.A.C.,No,Sí,0,,,NORTHING S.A.C.,,OK,Empresa,20388234858,,,,,media,"Solo formato societario. Lima (Santa Beatriz), ACTIVO/HABIDO (ruc.pe, datosperu.org). Sin sitio oficial visto. [2026-09-30] Nombre: formato aplicado.",NORTHING S.A.C
NUTRIENTES NATURALES S.A.C.,No,Sí,0,,,NUTRIENTES NATURALES S.A.C.,,OK,Empresa,20503060621,,,,,media,Datosperu.org la ubica en Lurin; ruc.pe muestra una ficha homonima con domicilio en Surco (posible cambio de domicilio). Descartada Nutrientes Naturales Latinoamerica S.A.C. (20604108749). Sin sitio oficial visto. [2026-09-30] Nombre: formato aplicado.,NUTRIENTES NATURALES S.A.C
NUTRIFOODS PERU S.A.C.,No,Sí,0,,,NUTRIFOODS PERU S.A.C.,,OK,Empresa,20556092762,,,,,alta,"Formato societario normalizado. La Victoria, ACTIVO/HABIDO (ruc.pe, datosperu.org). Sin sitio oficial visto. [2026-09-30] Nombre: formato aplicado.",NUTRIFOODS PERU SAC
ODONTOFRESH E.I.R.L.,Sí,Sí,0,,,ODONTOFRESH E.I.R.L.,,CORREGIDO,Empresa,20514443450,https://odontofresh.com/,,,,alta,"Falta espacio antes de E.I.R.L. SUNAT (ruc.pe, datosperu.org): ACTIVO, Jr. Mariscal R. Castilla 806, Magdalena del Mar, clinica odontologica. Homonimo descartado: Consultorio Dental Odonto Fresh E.I.R.L. (San Martin). [2026-09-30] Nombre: formato aplicado.",ODONTOFRESHE.I.R.L
OFFICE PAPER PERU S.A.C.,Sí,Sí,0,,Sí,OFFICE PAPER PERU S.A.C.,,OK,Empresa,20601068606,https://officepaper.pe/,,,,alta,"Miraflores, ACTIVO (ruc.pe, datosperu.org). Sitio officepaper.pe visto en resultados (papel fotografico, Lima); coincidencia razonable por nombre, confirmar. [2026-09-30] Decision del dueño: sitio validado por el dueño.",OFFICE PAPER PERU S.A.C.
OFICINA NACIONAL DE PROCESOS ELECTORALES,Sí,Sí,0,,,OFICINA NACIONAL DE PROCESOS ELECTORALES,,OK,Institucion publica,20291973851,https://www.gob.pe/onpe,,,,alta,"ONPE; activo y habido (ruc.pe, datosperu); sitio institucional gob.pe/onpe visto en resultados",OFICINA NACIONAL DE PROCESOS ELECTORALES
OFICINA TOTAL S.A.,No,Sí,0,,,OFICINA TOTAL S.A.,,OK,Empresa,20601438462,,,,,media,"Solo cambia formato societario; activo y habido en Jesus Maria (ruc.pe/empresasruc, datosperu); sin sitio web oficial verificado [2026-09-30] Nombre: formato aplicado.",OFICINA TOTAL S.A
OL SERVICIOS GENERALES S.R.L.,No,Sí,0,,,OL SERVICIOS GENERALES S.R.L.,,OK,Empresa,20459485369,,,,,media,"Lince, limpieza de edificios; activo y habido (ruc.pe); datosperu la lista como S.C.R.L, forma societaria por confirmar; sin sitio web visto [2026-09-30] Nombre: formato aplicado.",OL SERVICIOS GENERALES S.R.L
OXFORD S.A. SUCURSAL PERU,No,Sí,0,,,OXFORD S.A. SUCURSAL PERU,,OK,Empresa,20505039689,,,,,alta,"SUNAT: OXFORD S.A.- SUCURSAL PERU (sucursal de empresa extranjera), activo y habido, Villa El Salvador; dominio oxfordperu.com solo citado en telefono.pe (directorio), no verificado",OXFORD S.A. SUCURSAL PERU
PAMS PARA EL PERU,No,Sí,0,,,PAMS PARA EL PERU,,CORREGIDO,Asociacion/ONG,20517885755,,,,,alta,Razon social completa segun ruc.pe/datosperu; PAMS es el nombre abreviado (Policlinico PAMS Chincha segun gob.pe); activo; sin sitio web visto [2026-09-30] Nombre: razon-social se conserva el nombre original.,PAMS PARA EL PERU
PANESFOODS S.A.C.,No,Sí,0,,,PANESFOODS S.A.C.,,CORREGIDO,Empresa,20545990483,,,,,alta,"Razon social SUNAT en una sola palabra: PANESFOODS S.A.C.; activo y habido, San Isidro (ruc.pe, datosperu); sin sitio web visto [2026-09-30] Nombre: formato aplicado.",PANES FOODS SAC
PARTIDO POLITICO CONTIGO,No,Sí,0,,Sí,PARTIDO POLITICO CONTIGO,,OK,Partido politico,20600484894,,,,,alta,Antes Partido Politico Peruanos por el Kambio (mismo RUC); universidadperu indica condicion Suspension Temporal; sin sitio web oficial visto RUC repetido con: PARTIDO POLITICO PERUANOS POR EL KAMBIO. [2026-09-30] Decision del dueño: PARTIDO POLITICO PERUANOS POR EL KAMBIO era el nombre anterior del mismo RUC; se conserva solo esta fila (nombre mas actual). Eliminar el cliente anterior en la consola si existe. [2026-09-30] Revisado: baja-liquidacion aceptado.,PARTIDO POLITICO CONTIGO
PAZOS LOPEZ DE ROMAÑA RODRIGUEZ S CIVIL DE R.L.,No,Sí,0,,,PAZOS LOPEZ DE ROMAÑA RODRIGUEZ S CIVIL DE R.L.,,OK,Empresa,20106975737,,,,,media,"Razon social anterior; universidadperu indica nombre actual CORDOVA, PETROZZI, CORONADO SOCIEDAD CIVIL DE RESPONSABILIDAD LIMITADA (contabilidad/auditoria, San Isidro); RUC visto en telefono.pe; dominio bdo.com.pe solo citado en directorio y no coherente con el nombre, no se usa [2026-09-30] Nombre: razon-social se conserva el nombre original.",PAZOS LOPEZ DE ROMAÑA RODRIGUEZ S CIVIL DE R.L.
PEDRO PABLO KUCZYNSKI GODARD,No,Sí,0,,,,,PERSONA_NATURAL,Persona natural,,,,,,,,PEDRO PABLO KUCZYNSKI GODARD
PEREZ EGOAVIL JESSICA,No,Sí,0,,,,,PERSONA_NATURAL,Persona natural,,,,,,,,PEREZ EGOAVIL JESSICA
PERU MAS S.A.,No,Sí,0,,Sí,PERU MAS S.A.,,OK,Empresa,20101788947,,,,,media,"Panaderia/alimentos, inicio 1982; universidadperu indica BAJA DE OFICIO; compuempresa la muestra en Ate; sin sitio web visto [2026-09-30] Nombre: formato aplicado. [2026-09-30] Revisado: baja-liquidacion aceptado.",PERU MAS SOCIEDAD ANONIMA
PERUVIAN ENGINEERING GROUP S.A.C.,No,Sí,0,,,PERUVIAN ENGINEERING GROUP S.A.C.,,CORREGIDO,Empresa,20554074872,,,,,alta,"Typos ENGINNERING/GRUP corregidos. SUNAT (ruc.pe, datosperu.org): ACTIVO/HABIDO, San Borja, ingenieria/consultoria. Sitio web no encontrado. No confundir con PERU ENGINEERING GROUP S.A.C. (San Isidro, otra empresa). [2026-09-30] Nombre: ortografia aplicado.",PERUVIAN ENGINNERING GRUP SAC
PERU OFFSET DIGITAL S.A.C.,Sí,Sí,0,,,PERU OFFSET DIGITAL S.A.C.,,CORREGIDO,Empresa,20100853907,https://peruoffset.pe/,,,,alta,"Solo se quita la tilde; imprenta, activo y habido, Lurigancho (ruc.pe, datosperu); antes Peru Offset Editores E.I.R.L.; sitio visto en resultados y en universidadperu [2026-09-30] Nombre: formato aplicado.",PERÚ OFFSET DIGITAL S.A.C.
PHARMAXION S.A.C.,No,Sí,0,,,PHARMAXION S.A.C.,,OK,Empresa,20601011973,,,,,alta,"Nombre comercial Farmasesores; activo y habido, Independencia (ruc.pe, datosperu); sin sitio web visto [2026-09-30] Nombre: formato aplicado.",PHARMAXION S.A.C
"PHILIPPI, PRIETOCARRIZOSA, FERRERO DU & URIA S. CIVIL DE R.L.",Sí,Sí,0,,,"PHILIPPI, PRIETOCARRIZOSA, FERRERO DU & URIA S. CIVIL DE R.L.",,CORREGIDO,Empresa,20111064394,https://ppulegal.com/,,https://www.linkedin.com/company/prietocarrizosa,,alta,"Nombre truncado; razon social completa segun universidadperu.com (antes Estudio Ferrero Abogados), ACTIVO/HABIDO, Miraflores, estudio de abogados. Sitio y LinkedIn vistos en resultados de busqueda (firma regional PPU). [2026-09-30] Nombre: ortografia aplicado.","PHILIPPI,PRIETOCARRIZOSA,FERRERO DU"
PICSUR S.R.L.,No,Sí,0,,Sí,PICSUR S.R.L.,,OK,Empresa,20563459060,,,,,media,Razon social PICSUR SOCIEDAD COMERCIAL DE RESPONSABILIDAD LIMITADA - PICSUR S.R.L. EN LIQUIDACION; universidadperu indica BAJA DEFINITIVA; rubro produccion y distribucion de videos [2026-09-30] Nombre: formato aplicado. [2026-09-30] Revisado: baja-liquidacion aceptado.,PICSUR S.R.L
PLR ASESORES DE NEGOCIOS S.A.,No,Sí,0,,Sí,PLR ASESORES DE NEGOCIOS S.A.,,OK,Empresa,,,,,,media,"Razon social anterior; universidadperu indica nombre actual BDO CONSULTORES TRIBUTARIOS Y LEGALES S.A.C. (contabilidad, activo); RUC no visto con certeza; sin sitio web verificado [2026-09-30] Nombre: formato aplicado. [2026-09-30] Decision del dueño: se deja como esta (nombre registrado, sin RUC); no se destaca.",PLR ASESORES DE NEGOCIOS S.A
PLUS ADUANAS S.A.C.,Sí,Sí,0,,,PLUS ADUANAS S.A.C.,,OK,Empresa,20565758471,https://plusaduanas.com.pe/,,,,alta,"Activo y habido, Callao (ruc.pe, datosperu); sitio oficial visto en resultados",PLUS ADUANAS S.A.C.
POLLOS MAYO S.A.C.,No,Sí,0,,,POLLOS MAYO S.A.C.,,OK,Empresa,20510418281,,,,,alta,"Solo formato societario; nombre comercial Pardos Chicken; activo y habido, San Isidro (ruc.pe, universidadperu); sin sitio web verificado [2026-09-30] Nombre: formato aplicado.",POLLOS MAYO SAC
PORTALAMPARAS S.A.C.,No,Sí,0,,,PORTALAMPARAS S.A.C.,,OK,Empresa,20267879398,,,,,alta,"Activo, Carmen de la Legua (Callao) (ruc.pe, datosperu); comxport la lista como S.R.L., SUNAT indica S.A.C.; sin sitio web visto",PORTALAMPARAS S.A.C.
PROFESIONALES AL SERVICIO DE AMERICA ASOCIACION,No,Sí,0,,,PROFESIONALES AL SERVICIO DE AMERICA ASOCIACION,,CORREGIDO,Asociacion/ONG,20554044965,,,,,alta,"Typo PROFECIONALES; razon social SUNAT sin la palabra ASOCIACION; activo y habido, Miraflores (ruc.pe, datosperu); sin sitio web visto [2026-09-30] Nombre: ortografia aplicado. [2026-09-30] Decision del dueño: se conserva lo registrado originalmente, solo con la ortografia corregida (se mantiene ASOCIACION).",PROFECIONALES AL SERVICIO DE AMERICA ASOCIACION
PROM PERU,No,Sí,0,,,PROM PERU,,CORREGIDO,Institucion publica,20307167442,,,,,media,"PROMPERU, organismo adscrito a MINCETUR; RUC activo y habido (ruc.pe, empresasruc); existe otro RUC antiguo 20254937887 COMISION DE PROMOCION DEL PERU-PROMPERU (datosperu); gob.pe/institucion/promperu visto solo como subpagina [2026-09-30] Nombre: razon-social se conserva el nombre original.",PROM PERU
PROVEEDORA DE PAPELES ANDINA S.A.C.,No,Sí,0,,Sí,PROVEEDORA DE PAPELES ANDINA S.A.C.,,OK,Empresa,20521460386,,,,,alta,"Nombre comercial Propandina. Varios directorios (universidadperu, anunciaenlinea, compuempresa) la listan EN LIQUIDACION; ruc.pe la muestra ACTIVO/HABIDO en San Miguel. Sin sitio web visto. [2026-09-30] Revisado: estado-contradictorio aceptado.",PROVEEDORA DE PAPELES ANDINA S.A.C.
PROYCON CONTRATISTAS S.A.C.,No,Sí,0,,,PROYCON CONTRATISTAS S.A.C.,,OK,Empresa,20514103357,,,,,alta,Formato societario normalizado. ACTIVO/HABIDO segun ruc.pe; San Borja; rubro arquitectura e ingenieria. Sin sitio web visto. [2026-09-30] Nombre: formato aplicado.,PROYCON CONTRATISTAS SAC
PROYECTOS LA PATAGONIA S.A.C.,No,Sí,0,,,PROYECTOS LA PATAGONIA S.A.C.,,OK,Empresa,20536563076,,,,,alta,Formato societario normalizado. ACTIVO/HABIDO segun ruc.pe y tramitesperu; Santiago de Surco; rubro minero. Sin sitio web visto. [2026-09-30] Nombre: formato aplicado.,PROYECTOS LA PATAGONIA S A C
PUPOART E.I.R.L.,No,Sí,0,,,PUPOART E.I.R.L.,,OK,Empresa,20536665316,,,,,alta,Nombre comercial Stp Ingenieros; San Juan de Lurigancho; condicion Activo segun universidadperu. Sin sitio web visto. [2026-09-30] Nombre: formato aplicado.,PUPOART E.I.R.L
QUATRO TINTAS S.A.C.,No,Sí,0,,,QUATRO TINTAS S.A.C.,,OK,Empresa,20524822246,,,,,alta,Formato societario normalizado. ACTIVO/HABIDO segun ruc.pe; Santiago de Surco. Sin sitio web visto. [2026-09-30] Nombre: formato aplicado.,QUATRO TINTAS SAC
QUIMIGRAF PERU S.A.C.,No,Sí,0,,,QUIMIGRAF PERU S.A.C.,,OK,Empresa,20511672954,,,,,alta,Formato societario normalizado. ACTIVO/HABIDO segun ruc.pe; Lima/Surquillo segun directorios. Sin sitio web visto. [2026-09-30] Nombre: formato aplicado.,QUIMIGRAF PERU SAC
R&R ARTES GRAFICAS S.A.C.,No,Sí,0,,,R&R ARTES GRAFICAS S.A.C.,,OK,Empresa,20503468205,,,,,alta,Solo se corrige el espacio. Razon social SUNAT: R&R ARTES GRAFICAS S.A.C - R&R AG S.A.C. ACTIVO/HABIDO; Lince; impresion. Sin sitio web visto. [2026-09-30] Nombre: formato aplicado.,R& R ARTES GRAFICAS S.A.C.
R & F PUBLICACIONES Y SERVICIOS S.A.C.,No,Sí,0,,Sí,R & F PUBLICACIONES Y SERVICIOS S.A.C.,,CORREGIDO,Empresa,20505390599,,,,,alta,"Se quita artefacto "";"" y se separan las letras. Perudalia/compuempresa la listan EN LIQUIDACION; ruc.pe muestra ACTIVO/HABIDO en Lince. telefono.pe cita ryf.com.pe pero solo en directorio, no se usa como SitioWeb. [2026-09-30] Nombre: formato aplicado. [2026-09-30] Revisado: estado-contradictorio aceptado.",R&FPUBLICACIONES; Y SERVICIOS SAC
RCH PRODUCTOS GRAFICOS S.A.C.,No,Sí,0,,,RCH PRODUCTOS GRAFICOS S.A.C.,,CORREGIDO,Empresa,20171523789,,,,,media,Razon social SUNAT sin puntos en RCH. ACTIVO/HABIDO segun ruc.pe; Miraflores. Sin sitio web visto. [2026-09-30] Nombre: formato aplicado.,R.CH PRODUCTOS GRAFICOS S.A.C
RAND DESARROLLOS INMOBILIARIOS S.A.C.,No,Sí,0,,,RAND DESARROLLOS INMOBILIARIOS S.A.C.,,CORREGIDO,Empresa,20507904441,,,,,alta,"Typo: RAN -> RAND y DESARROLOS -> DESARROLLOS. Surquillo; consultoria de gestion; ruc.pe muestra otro homonimo distinto (Desarrollo Inmobiliario SAC), no usado. Sin sitio web visto. [2026-09-30] Nombre: ortografia aplicado.",RAN DESARROLOS INMOBILIARIOS S.A.C
REBACARD TRES S.A.C.,No,Sí,0,,,REBACARD TRES S.A.C.,,CORREGIDO,Empresa,20544622391,,,,,alta,REBACARD TRES S.A.C. es la abreviatura inscrita junto a la razon social SUNAT REBAGLIATI CARDIOLOGOS TRES S.A.C. ACTIVO/HABIDO; Pueblo Libre; salud. Sin sitio web visto. [2026-09-30] Nombre: razon-social se conserva el nombre original.,REBACARD TRES SAC
RECREATIVOS E INVERSIONES STEFANO S.A.C.,No,Sí,0,,,RECREATIVOS E INVERSIONES STEFANO S.A.C.,,OK,Empresa,20447700329,,,,,alta,Solo punto final. ACTIVO/HABIDO segun ruc.pe y empresasruc; Lima; juegos de azar. Sin sitio web visto. [2026-09-30] Nombre: formato aplicado.,RECREATIVOS E INVERSIONES STEFANO S.A.C
REPRESENTACIONES Y SERVICIOS PARA INDUSTRIA GRAFICA S.A.C.,No,Sí,0,,,REPRESENTACIONES Y SERVICIOS PARA INDUSTRIA GRAFICA S.A.C.,,CORREGIDO,Empresa,20522644481,,,,,media,Falta el articulo LA segun datosperu/universidadperu. Nombre comercial Reseringraf S.A.C.; estado SUNAT no verificado. Distinta de la entrada RESERINGRAF PERU SAC (RUC 20555684488). Sin sitio web visto. [2026-09-30] Nombre: razon-social se conserva el nombre original.,REPRESENTACIONES Y SERVICIOS PARA INDUSTRIA GRAFICA S A C
REQUINOR E.I.R.L.,No,Sí,0,,Sí,REQUINOR E.I.R.L.,,DUDOSO,Empresa,,,,,,baja,"Unica candidata: REACTIVOS & QUIMICOS DEL NORTE E.I.R.L. (RUC 20440302689, Trujillo, nombre comercial Requinor, ACTIVO/HABIDO); no se asigna RUC por ser empresa de provincia y rubro quimico, dudoso como cliente en Lima. [2026-09-30] Nombre: formato aplicado. [2026-09-30] Decision del dueño: identidad no confirmada; se conserva el nombre registrado (no se importa el RUC).",REQUINOR E.I.R.L
RESERINGRAF PERU S.A.C.,No,Sí,0,,,RESERINGRAF PERU S.A.C.,,OK,Empresa,20555684488,,,,,alta,Formato societario normalizado. ACTIVO/HABIDO segun ruc.pe; Breña; importadora/exportadora. No confundir con Representaciones y Servicios para la Industria Grafica S.A.C. (nombre comercial Reseringraf). Sin sitio web visto. [2026-09-30] Nombre: formato aplicado.,RESERINGRAF PERU SAC
RESPIRA S.A.C.,No,Sí,0,,,RESPIRA S.A.C.,,OK,Empresa,20508933593,,,,,media,"Formato societario normalizado. ruc.pe la ubica ACTIVO en La Victoria; deperu la lista en San Isidro (salud humana); verificar. Otros nombres parecidos (Respira Help, Respira Medical, Respira Peru Viajes) son empresas distintas. Sin sitio web visto. [2026-09-30] Nombre: formato aplicado.",RESPIRA SAC
REYES - NIETO ABOGADOS S.A.C.,No,Sí,0,,Sí,REYES - NIETO ABOGADOS S.A.C.,,CORREGIDO,Empresa,20522725138,,,,,alta,Razon social SUNAT lleva guion. Universidadperu la indica en BAJA DE OFICIO; inicio de actividades 21/12/2016. Sin sitio web visto. [2026-09-30] Nombre: formato aplicado. [2026-09-30] Revisado: baja-liquidacion aceptado.,REYES NIETO ABOGADOS S A C
RODOLFO SANTOS CASTRO,No,Sí,0,,,,,PERSONA_NATURAL,Persona natural,,,,,,,,RODOLFO SANTOS CASTRO
RTZ CONTRATISTAS GENERALES S.A.C.,No,Sí,0,,Sí,RTZ CONTRATISTAS GENERALES S.A.C.,,OK,Empresa,20551554962,,,,,media,ruc.pe la muestra ACTIVO/HABIDO en Puente Piedra; perudalia indica SUSPENSION TEMPORAL (dato posiblemente antiguo). Construccion de edificios. Sin sitio web visto. [2026-09-30] Revisado: estado-contradictorio aceptado.,RTZ CONTRATISTAS GENERALES S.A.C.
RUIZ VARILLAS AUSBERTO,No,Sí,0,,,,,PERSONA_NATURAL,Persona natural,,,,,,,,RUIZ VARILLAS AUSBERTO
SC MEDICAL S.A.C.,No,Sí,0,,,SC MEDICAL S.A.C.,,CORREGIDO,Empresa,20517763307,,,,,media,"Razon social en directorios (datosperu, universidadperu): SC MEDICAL S.A.C. Miraflores; venta de productos farmaceuticos. Sin sitio web visto. [2026-09-30] Nombre: formato aplicado.",S C MEDICAL S.A.C.
SALUS LABORIS S.A.C.,Sí,Sí,0,,Sí,SALUS LABORIS S.A.C.,,OK,Empresa,20512609458,https://www.saluslaboris.pe/,,,,alta,"Formato societario normalizado. ACTIVO/HABIDO (ruc.pe), San Borja, actividades de medicos. Sitio visto en buscador; titularidad no verificada contra la ficha SUNAT. [2026-09-30] Nombre: formato aplicado. [2026-09-30] Decision del dueño: sitio validado por el dueño.",SALUS LABORIS S A C
SANOFI-AVENTIS DEL PERU S.A.,No,Sí,0,,,SANOFI-AVENTIS DEL PERU S.A.,,CORREGIDO,Empresa,20100096855,,,,,alta,"Razon social SUNAT lleva guion (ruc.pe, rucperu.com). ACTIVO/HABIDO, San Isidro. Sitio web no verificado. [2026-09-30] Nombre: formato aplicado.",SANOFI AVENTIS DEL PERU SA
SAVIA PERU S.A.,No,Sí,0,,,SAVIA PERU S.A.,,OK,Empresa,20203058781,,,,,alta,"Formato normalizado. ACTIVO/HABIDO (ruc.pe), San Isidro, apoyo a extraccion de petroleo y gas. Existe homonima Asociacion Civil Sin Fines de Lucro Savia Peru en liquidacion (no es esta). [2026-09-30] Nombre: formato aplicado.",SAVIA PERU S.A
SC AGRO TRADING E.I.R.L.,No,Sí,0,,Sí,SC AGRO TRADING E.I.R.L.,,DUDOSO,Empresa,,,,,,baja,"Candidatas: SC AGRO TRADING S.R.L. (RUC 20488085060, Pimentel, Lambayeque), AGRO TRADING E.I.R.L. (Pisco, Ica), H AGRO TRADING E.I.R.L. (Huaura). Ninguna coincide exacto con forma EIRL; sin evidencia suficiente. Fuentes: universidadperu.com, compuempresa.com, ruc.pe. [2026-09-30] Nombre: formato aplicado. [2026-09-30] Decision del dueño: identidad no confirmada; se conserva el nombre registrado (no se importa el RUC).",SC AGRO TRADING EIRL
SEAWOIFT TRANSPORT SERVICES S.A.C.,No,Sí,0,,Sí,SEAWOIFT TRANSPORT SERVICES S.A.C.,,NO_ENCONTRADO,Empresa,,,,,,baja,"Sin coincidencias en directorios para SEAWOIFT/SEAWIFT/SEASWIFT TRANSPORT SERVICES. Solo aparece SWIFT TRANSPORTES CARGO Y LOGISTICA INTEGRAL SAC (RUC 20492062082), descartada por nombre distinto. [2026-09-30] Nombre: formato aplicado. [2026-09-30] Decision del dueño: identidad no confirmada; se conserva el nombre registrado (no se importa el RUC).",SEAWOIFT TRANSPORT SERVICES SAC
SEC YURAC GROUP E.I.R.L.,No,Sí,0,,Sí,SEC YURAC GROUP E.I.R.L.,,OK,Empresa,20526352336,,,,,media,"Formato normalizado. Sechura, Piura; consultoria de gestion. ruc.pe indica ACTIVO/HABIDO pero compuempresa.com indica BAJA DE OFICIO: verificar estado. Existe SEC YURAC E.I.R.L. (RUC 20526140665) distinta. [2026-09-30] Nombre: formato aplicado. [2026-09-30] Revisado: estado-contradictorio aceptado.",SEC YURAC GROUP E.I.R.L
SECURITAS S.A.C.,No,Sí,0,,,SECURITAS S.A.C.,,OK,Empresa,20117920144,,,,,alta,"ACTIVO/HABIDO (ruc.pe), Magdalena del Mar, seguridad privada. No confundir con Servisecuritas S.A.C. ni Securitas Sistemas S.A.C. (otros RUC). Sitio web no verificado.",SECURITAS S.A.C.
SERVICIOS CREATIVOS PUBLICITARIOS ROAL S.A.C.,No,Sí,0,,,SERVICIOS CREATIVOS PUBLICITARIOS ROAL S.A.C.,,CORREGIDO,Empresa,20433019777,,,,,alta,"Razon social SUNAT abreviada como SERV.CREATIVOS (ruc.pe, datosperu.org). ACTIVO/HABIDO, Jesus Maria, publicidad. [2026-09-30] Nombre: razon-social se conserva el nombre original.",SERVICIOS CREATIVOS PUBLICITARIOS ROAL SAC
SERVICIOS DIGITALES LA ESMERALDA E.I.R.L.,No,Sí,0,,,SERVICIOS DIGITALES LA ESMERALDA E.I.R.L.,,OK,Empresa,20517026116,,,,,alta,"Formato normalizado. San Borja, impresion y venta (universidadperu.com, datosperu.org); sin indicio de baja en los directorios. [2026-09-30] Nombre: formato aplicado.",SERVICIOS DIGITALES LA ESMERALDA EIRL
SERVICIOS GENERALES CONSTRUCCION ACONDICIONAMIENTOS E.I.R.L.,No,Sí,0,,,SERVICIOS GENERALES CONSTRUCCION ACONDICIONAMIENTOS E.I.R.L.,,CORREGIDO,Empresa,20565799402,,,,,media,"Original sin conectores EN/Y; razon social segun ruc.pe y datosperu.org. ACTIVO/HABIDO (empresasruc.com), San Juan de Lurigancho. Se descarto Servicios Generales Construccion & Multiservicios E.I.R.L. (creada en 2026). [2026-09-30] Nombre: razon-social se conserva el nombre original.",SERVICIOS GENERALES CONSTRUCCION ACONDICIONAMIENTOS E.I.R.L
SERVICIOS GENERALES MINERIA-INDUSTRIA Y CONSTRUCCION E.I.R.L.,No,Sí,0,,,SERVICIOS GENERALES MINERIA-INDUSTRIA Y CONSTRUCCION E.I.R.L.,,CORREGIDO,Empresa,20545812208,,,,,alta,"Razon social SUNAT con guion (ruc.pe). ACTIVO/HABIDO, Pueblo Libre, venta de maquinaria y equipo. [2026-09-30] Nombre: formato aplicado.",SERVICIOS GENERALES MINERIA INDUSTRIA Y CONSTRUCCION E.I.R.L.
SERVICIOS LOGISTICOS Y DISTRIBUCION RUNNING BOX S.A.C.,Sí,Sí,0,,,SERVICIOS LOGISTICOS Y DISTRIBUCION RUNNING BOX S.A.C.,,CORREGIDO,Empresa,20601085641,https://www.runningbox.pe/,,,,alta,"Nombre truncado; completado con ruc.pe y datosperu.org (nombre comercial Distribucion Running Box). ACTIVO/HABIDO, Lima, transporte de carga. Sitio visto en resultados y en directorioempresasperu.com. [2026-09-30] Nombre: ortografia aplicado.",SERVICIOS LOGISTICOS Y DISTRIBUCION RUNNING BOX S
SERVILLANTAS E INVERSIONES SAN JUAN S.A.,Sí,Sí,0,,,SERVILLANTAS E INVERSIONES SAN JUAN S.A.,,OK,Empresa,20100292875,https://llantasgoodyear.pe/,,,,alta,"Formato normalizado. Nombre comercial SERVISA; ACTIVO/HABIDO (ruc.pe), La Victoria, venta de llantas. llantasgoodyear.pe cita a Servillantas (SERVISA, mismo RUC) en sus terminos y condiciones. [2026-09-30] Nombre: formato aplicado.",SERVILLANTAS E INVERSIONES SAN JUAN S A
SERVIMAX Y EQUIPOS S.A.C.,No,Sí,0,,,SERVIMAX Y EQUIPOS S.A.C.,,CORREGIDO,Empresa,20545504562,,,,,alta,"Razon social SUNAT usa & (ruc.pe, datosperu.org). ACTIVO/HABIDO, Lince. Sitio web no encontrado. [2026-09-30] Nombre: razon-social se conserva el nombre original.",SERVIMAX Y EQUIPOS S.A.C
SERVISECURITAS S.A.C.,No,Sí,0,,,SERVISECURITAS S.A.C.,,OK,Empresa,20550684374,,,,,alta,"Formato normalizado. ACTIVO/HABIDO (ruc.pe), Magdalena del Mar. Existe Servisecuritas Tercerizacion S.A.C. (otra razon social, mismo domicilio). [2026-09-30] Nombre: formato aplicado.",SERVISECURITAS S.A.C
SEYMA S.A.C.,No,Sí,0,,,SEYMA S.A.C.,,OK,Empresa,20101792898,,,,,alta,"ACTIVO/HABIDO (ruc.pe), Lince, venta mayorista. Dominio seymasac.com solo citado en directorio telefono.pe; no incluido como sitio.",SEYMA S.A.C.
SISTEMAS ECOENERGETICOS DEL PERU S.A.C.,No,Sí,0,,,SISTEMAS ECOENERGETICOS DEL PERU S.A.C.,,OK,Empresa,20544418867,,,,,alta,"Formato normalizado. Brena, Lima (universidadperu.com, datosperu.org); sin indicio de baja. [2026-09-30] Nombre: formato aplicado.",SISTEMAS ECOENERGETICOS DEL PERU S.A.C
SOCIEDAD GRAFICA DEL PERU S.A.C.,No,Sí,0,,Sí,SOCIEDAD GRAFICA DEL PERU S.A.C.,,OK,Empresa,20545251681,,,,,media,"La Victoria, imprenta. paginaspyme.com indica BAJA DE OFICIO; otros directorios no lo indican: verificar estado. [2026-09-30] Revisado: baja-liquidacion aceptado.",SOCIEDAD GRAFICA DEL PERU S.A.C.
SOLFARMA S.A.C.,No,Sí,0,,Sí,SOLFARMA S.A.C.,,OK,Empresa,20470219956,,,,,media,"Formato normalizado. San Borja, actividades relacionadas con salud. universidadperu.com indica BAJA DE OFICIO. Homonimas distintas: Corporacion Solfarma, Distribuidora Solfarma, Boticas Solfarma. [2026-09-30] Nombre: formato aplicado. [2026-09-30] Revisado: baja-liquidacion aceptado.",SOLFARMA S.A.C
SOROBAN AUDIOVISUAL S.A.C.,No,Sí,0,,,SOROBAN AUDIOVISUAL S.A.C.,,OK,Empresa,20502258363,,,,,alta,"Formato normalizado. ACTIVO/HABIDO (ruc.pe), Pueblo Libre. Mismo domicilio fiscal que Soroban S.A. [2026-09-30] Nombre: formato aplicado.",SOROBAN AUDIOVISUAL S.A.C
SOROBAN S.A.,No,Sí,0,,,SOROBAN S.A.,,OK,Empresa,20101602860,,,,,alta,"Solo formato societario (""S .A"" a ""S.A.""). ACTIVO (ruc.pe), Pueblo Libre, tecnologias de la informacion. Mismo domicilio fiscal que Soroban Audiovisual S.A.C. [2026-09-30] Nombre: formato aplicado.",SOROBAN S .A
SPEED INSTALL S.A.C.,No,Sí,0,,,SPEED INSTALL S.A.C.,,OK,Empresa,20520752111,,,,,alta,"Formato normalizado. Nombre comercial Speed Proteccion. ACTIVO/HABIDO (ruc.pe), San Isidro. Sitio web no encontrado. [2026-09-30] Nombre: formato aplicado.",SPEED INSTALL SAC
STANDAR S.R.L.,No,Sí,0,,Sí,STANDAR S.R.L.,,DUDOSO,Empresa,,,,,,baja,"Unico candidato: STANDAR S.R.L. (RUC 20369236874) en Arequipa, rubro venta de equipos; posible homonimo de un cliente en Lima; RUC no asignado. Fuente: ruc.pe, universidadperu.com [2026-09-30] Decision del dueño: identidad no confirmada; se conserva el nombre registrado (no se importa el RUC).",STANDAR S.R.L.
SUMI HOSPITALITY S.A.C.,No,Sí,0,,Sí,SUMI HOSPITALITY S.A.C.,,CORREGIDO,Empresa,20536494678,,,,,media,"Razon social completa SUMI HOSPITALITY GROUP S.A.C., Lince; ruc.pe indica ACTIVO pero universidadperu la titula en liquidacion; dominio shg.pe visto solo en telefono.pe (directorio), no confirmado [2026-09-30] Nombre: razon-social se conserva el nombre original. [2026-09-30] Revisado: estado-contradictorio aceptado.",SUMI HOSPITALITY SAC
SUMINISTROS HIDRAULICOS S.A.C.,No,Sí,0,,Sí,SUMINISTROS HIDRAULICOS S.A.C.,,OK,Empresa,20294811991,,,,,media,La Victoria; fuentes discrepantes: ruc.pe ACTIVO/HABIDO vs universidadperu BAJA DEFINITIVA; dominio suministros-hidraulicos.com visto solo en telefono.pe (directorio) [2026-09-30] Nombre: formato aplicado. [2026-09-30] Revisado: estado-contradictorio aceptado.,SUMINISTROS HIDRAULICOS S.A.C
SURGICORP S.R.L.,Sí,Sí,0,,Sí,SURGICORP S.R.L.,,OK,Empresa,20516920123,https://surgicorperu.com/,,,,alta,"Razon social SURGICORP SOCIEDAD COMERCIAL DE RESPONSABILIDAD LIMITADA - SURGICORP S.R.L., Santiago de Surco, ACTIVO/HABIDO (ruc.pe); sitio surgicorperu.com visto en buscador, coincidencia por nombre [2026-09-30] Nombre: formato aplicado. [2026-09-30] Decision del dueño: sitio validado por el dueño.",SURGICORP S.R.L
T-VEN S.A.C.,No,Sí,0,,,T-VEN S.A.C.,,OK,Empresa,20520834606,,,,,media,"La Molina/Surco, ACTIVO/HABIDO (ruc.pe); rubro consultoria informatica; sin sitio web encontrado",T-VEN S.A.C.
T.S IMPRESIONES S.A.C.,No,Sí,0,,,T.S IMPRESIONES S.A.C.,,OK,Empresa,20507878939,,,,,alta,"Lurin, ACTIVO/HABIDO (ruc.pe); fabricacion de articulos de papel y carton; sin sitio web encontrado",T.S IMPRESIONES S.A.C.
TAIMAKO SERVICIOS GENERALES E.I.R.L.,No,Sí,0,,,TAIMAKO SERVICIOS GENERALES E.I.R.L.,,OK,Empresa,20605512420,,,,,alta,ACTIVO/HABIDO (ruc.pe); sin sitio web encontrado,TAIMAKO SERVICIOS GENERALES E.I.R.L.
TEATRO LIBRE PRODUCCIONES S.A.C.,No,Sí,0,,,TEATRO LIBRE PRODUCCIONES S.A.C.,,OK,Empresa,20525038174,,,,,alta,"Solo formato societario normalizado; San Miguel; produccion de filmes y video (datosperu.org, universidadperu.com) [2026-09-30] Nombre: formato aplicado.",TEATRO LIBRE PRODUCCIONES SAC
TECH HANDS S.R.L.,No,Sí,0,,Sí,TECH HANDS S.R.L.,,OK,Empresa,20518264266,,,,,media,Formato normalizado; universidadperu indica BAJA DE OFICIO; datosperu lo lista como S.C.R.L.; rubro informatica [2026-09-30] Nombre: formato aplicado. [2026-09-30] Revisado: baja-liquidacion aceptado.,TECH HANDS S.R L
TECNICOS DE SUBESTACION ELECTRICA DE TRANSMISION CONTRATISTAS S.A.C.,No,Sí,0,,Sí,TECNICOS DE SUBESTACION ELECTRICA DE TRANSMISION CONTRATISTAS S.A.C.,,OK,Empresa,20557768140,,,,,media,Nombre comercial TECNISET CONTRATISTAS S.A.C.; Callao; estado discrepante: ruc.pe ACTIVO vs datahub.drago.pe BAJA DE OFICIO [2026-09-30] Nombre: formato aplicado. [2026-09-30] Revisado: estado-contradictorio aceptado.,TECNICOS DE SUBESTACION ELECTRICA DE TRANSMISION CONTRATISTAS S.A.C
TECNIND LATINA S.R.L.,No,Sí,0,,Sí,TECNIND LATINA S.R.L.,,OK,Empresa,20101794327,,,,,media,Nombre comercial TIL QUIMICOS; universidadperu indica BAJA DE OFICIO; mismo domicilio (Manuel Candamo) que TIL PERU S.R.L.; sin sitio web propio confirmado [2026-09-30] Nombre: formato aplicado. [2026-09-30] Revisado: baja-liquidacion aceptado.,TECNIND LATINA S R L
TELECOMMUNICATION ENGINEERING & CONSULTING SERVICES S.A.C.,No,Sí,0,,,TELECOMMUNICATION ENGINEERING & CONSULTING SERVICES S.A.C.,,CORREGIDO,Empresa,20551156487,,,,,alta,"Corregido CONSUL; a CONSULTING y espacios. SUNAT (ruc.pe, datosperu.org): ACTIVO/HABIDO, Lima, telecomunicaciones; nombre comercial TECSSAC. Sitio web no encontrado. [2026-09-30] Nombre: ortografia aplicado. [2026-09-30] Decision del dueño: el unico destacado es MM CONSULTORES.",TELECOMMUNICATION ENGINEERING&CONSUL; SERVICES SAC
TESITEL S.A.C.,No,Sí,0,,,TESITEL S.A.C.,,CORREGIDO,Empresa,20509904783,,,,,media,"TESITEL es el nombre comercial; razon social TECNOLOGIA Y SISTEMAS DE TELECOMUNICACIONES S.A.C., Lince; dominio tesitelsac.com visto solo en telefono.pe (directorio) [2026-09-30] Nombre: razon-social se conserva el nombre original.",TESITEL S.A.C.
TEXTILES VALENTINA PERU E.I.R.L.,No,Sí,0,,,TEXTILES VALENTINA PERU E.I.R.L.,,OK,Empresa,20603584776,,,,,alta,"Barranco/Chorrillos, ACTIVO/HABIDO (ruc.pe); venta de textiles; sin sitio web encontrado",TEXTILES VALENTINA PERU E.I.R.L.
THE KOREA PRESBYTERIAN MISSION IN PERU,No,Sí,0,,,THE KOREA PRESBYTERIAN MISSION IN PERU,,OK,Asociacion/ONG,20178503261,,,,,media,"Asociacion religiosa con domicilio fiscal en Calleria (Ucayali), ACTIVO segun paginaspyme; posible sede distinta en Lima; existe otra entidad similar (Presbyterian Church of Korea World Mission in Peru)",THE KOREA PRESBYTERIAN MISSION IN PERU
TIL PERU S.R.L.,No,Sí,0,,Sí,TIL PERU S.R.L.,,OK,Empresa,20600963334,,,,,media,"Manuel Candamo 736, Lima; paginaspyme indica BAJA DE OFICIO; til.pe pertenece a SUDAMERICA SUPPLY S.A.C., no se asigna [2026-09-30] Nombre: formato aplicado. [2026-09-30] Revisado: baja-liquidacion aceptado.",TIL PERU S R L
TISMART PERU S.A.C.,No,Sí,0,,,TISMART PERU S.A.C.,,OK,Empresa,20518761481,,,,,alta,"Santiago de Surco, ACTIVO/HABIDO (ruc.pe); informatica; existe TISMART S.A.C. (RUC 20600693086) distinta; sin sitio web confirmado [2026-09-30] Nombre: formato aplicado.",TISMART PERU SAC
TOSCANOS MOVING S.A.C.,No,Sí,0,,,TOSCANOS MOVING S.A.C.,,OK,Empresa,20551787398,,,,,alta,"La Molina, ACTIVO/HABIDO (ruc.pe); universidadperu la lista como Toscano's Moving; toscanos.com.pe visto en buscador (grupo Toscanos) pero no se confirma que sea esta razon social",TOSCANOS MOVING S.A.C.
TOTAL TIM WE PERU S.A.C.,No,Sí,0,,,TOTAL TIM WE PERU S.A.C.,,OK,Empresa,20510625588,,,,,media,"Miraflores, ACTIVO; dominio espinozagmn.com visto solo en telefono.pe (directorio), no confirmado",TOTAL TIM WE PERU S.A.C.
TRANS GALSEM E.I.R.L.,No,Sí,0,,,TRANS GALSEM E.I.R.L.,,CORREGIDO,Empresa,20477972684,,,,,media,"TRANS GALSEM E.I.R.L. es el nombre comercial; Lince, ACTIVO/HABIDO; transgalsem.com y transgalsem.online aparecen en buscador pero afirman fundacion en 1991 (empresa inicio 2008): no confirmados [2026-09-30] Nombre: razon-social se conserva el nombre original.",TRANS GALSEM E I R L
TRANSOCEANICA CORPORATION S.A.,No,Sí,0,,,TRANSOCEANICA CORPORATION S.A.,,OK,Empresa,20510697571,,,,,alta,"Nombre comercial TRANCORSA; Comas, ACTIVO/HABIDO (ruc.pe); sin sitio web encontrado [2026-09-30] Nombre: formato aplicado.",TRANSOCEANICA CORPORATION S.A
TRANSTERRA S.A.C.,No,Sí,0,,,TRANSTERRA S.A.C.,,OK,Empresa,20502245547,,,,,alta,"Callao, ACTIVO/HABIDO (ruc.pe); transporte de carga; existe TRANSTERRA SERVICES S.A.C. (RUC 20612580007) distinta; sin sitio web encontrado [2026-09-30] Nombre: formato aplicado.",TRANSTERRA SAC
TUMIMED REPRESENTACIONES S.A.C.,No,Sí,0,,,TUMIMED REPRESENTACIONES S.A.C.,,OK,Empresa,20506063923,,,,,alta,"Solo cambia formato societario. ACTIVO/HABIDO segun ruc.pe; venta mayorista, San Borja. telefono.pe cita terra.com (solo en directorio, no se usa como sitio). [2026-09-30] Nombre: formato aplicado.",TUMIMED REPRESENTACIONES SAC
TURO S.A.,No,Sí,0,,,TURO S.A.,,OK,Empresa,20330005450,,,,,media,"RUC 20330005450 ACTIVO/HABIDO (ruc.pe, empresasruc como TURO S.A.); datosperu y universidadperu la listan como TURO S.A.C. (razon social anterior TURO S.A.), verificar forma societaria vigente. Rubro plaguicidas, Ate. [2026-09-30] Nombre: formato aplicado.",TURO SA
ULTRATEC REPRESENTACIONES S.A.C.,No,Sí,0,,,ULTRATEC REPRESENTACIONES S.A.C.,,OK,Empresa,20523303351,,,,,alta,"Solo formato. ACTIVO/HABIDO segun ruc.pe; Santa Beatriz, Lima. [2026-09-30] Nombre: formato aplicado.",ULTRATEC REPRESENTACIONES S.A.C
UNITED NETWORKERS TEAM PERU S.A.C.,No,Sí,0,,,UNITED NETWORKERS TEAM PERU S.A.C.,,OK,Empresa,20521397838,,,,,alta,"Solo formato. ACTIVO/HABIDO segun ruc.pe; Lince, venta de equipos informaticos. [2026-09-30] Nombre: formato aplicado.",UNITED NETWORKERS TEAM PERU S A C
UNIVERSIDAD PERUANA SIMON BOLIVAR S.A.C.,No,Sí,0,,,UNIVERSIDAD PERUANA SIMON BOLIVAR S.A.C.,,OK,Educativa,20507734856,,,,,alta,"SUNAT: UNIVERSIDAD PERUANA SIMON BOLIVAR SOCIEDAD ANONIMA CERRADA - UPSB (nombre comercial USB). ACTIVO/HABIDO, Pueblo Libre. Sitio oficial no visto en resultados. [2026-09-30] Nombre: formato aplicado.",UNIVERSIDAD PERUANA SIMON BOLIVAR SAC
UNIVERSIDAD PRIVADA NORBERT WIENER S.A.,Sí,Sí,0,,,UNIVERSIDAD PRIVADA NORBERT WIENER S.A.,,OK,Educativa,20466246370,https://www.uwiener.edu.pe/,,,,alta,Solo formato. ACTIVO/HABIDO (empresasruc); RUC confirmado en la politica de privacidad de uwiener.edu.pe. Jesus Maria. Existe otra entidad distinta (Instituto Norbert Wiener SAC). [2026-09-30] Nombre: formato aplicado.,UNIVERSIDAD PRIVADA NORBERT WIENER S A
V CAPITAL S.A.,No,Sí,0,,,V CAPITAL S.A.,,OK,Empresa,20109269710,,,,,media,ACTIVO/HABIDO segun empresasruc/paginaspyme; Lince. Actividades inmobiliarias/construccion; universidadperu la lista bajo el nombre anterior VALLEJO S.A. INGENIEROS. Sin sitio web visto.,V CAPITAL S.A.
VANITY CORPORATION E.I.R.L.,No,Sí,0,,Sí,VANITY CORPORATION E.I.R.L.,,OK,Empresa,20504784593,,,,,media,Nombre comercial Vanity Shoes (calzado). Estado SUSPENSION TEMPORAL segun consultasruc.com y paginaspyme.com; ruc.pe la muestra ACTIVO/HABIDO (Magdalena del Mar). [2026-09-30] Nombre: formato aplicado. [2026-09-30] Revisado: estado-contradictorio aceptado.,VANITY CORPORATION E.I.R.L
VASTEC S.A.,No,Sí,0,,,VASTEC S.A.,,OK,Empresa,20602334237,,,,,alta,"Solo formato. ACTIVO segun ruc.pe; Av. Arequipa 860, Lima; venta de equipos/informatica. [2026-09-30] Nombre: formato aplicado.",VASTEC S A
VDG DEL PERU S.A.C.,No,Sí,0,,Sí,VDG DEL PERU S.A.C.,,OK,Empresa,20501521036,,,,,alta,"BAJA DE OFICIO segun universidadperu.com (inicio actividades 2001, ingenieria/arquitectura, Los Olivos). Sin sitio web visto. [2026-09-30] Revisado: baja-liquidacion aceptado.",VDG DEL PERU S.A.C.
VEPAMIL S.A.,No,Sí,0,,Sí,VEPAMIL S.A.,,OK,Empresa,20544195205,,,,,media,"Coincide con VEPAMIL S.A peruana (Miraflores, venta mayorista): estado BAJA DEFINITIVA desde 11/12/2022, en liquidacion (datosperu). No confundir con Vepamil S.A. de Ecuador (RUC 0990270236001). [2026-09-30] Nombre: formato aplicado. [2026-09-30] Revisado: baja-liquidacion aceptado.",VEPAMIL S.A
VIRTUAL PACIFICO S.A.C.,No,Sí,0,,Sí,VIRTUAL PACIFICO S.A.C.,,OK,Empresa,20510066317,,,,,media,"ruc.pe: ACTIVO/HABIDO (Carabayllo); universidadperu.com la marca BAJA DE OFICIO, dato posiblemente desactualizado. Venta mayorista. [2026-09-30] Nombre: formato aplicado. [2026-09-30] Revisado: estado-contradictorio aceptado.",VIRTUAL PACIFICO SAC
VISION S.A.,No,Sí,0,,Sí,VISION S.A.,,DUDOSO,Empresa,,,,,,baja,"Nombre demasiado generico. Candidatas: VISION S.A.C. (RUC 20526778821, ruc.pe ACTIVO, Lima), PERU VISION S.A. (20260222741), CORPORACION VISION SAC. Sin evidencia para decidir. [2026-09-30] Nombre: formato aplicado. [2026-09-30] Decision del dueño: identidad no confirmada; se conserva el nombre registrado (no se importa el RUC).",VISION S A
WAYRA DISTRIBUTION S.A.,No,Sí,0,,,WAYRA DISTRIBUTION S.A.,,OK,Empresa,20557476017,,,,,alta,"Solo formato. Actividades de correo/mensajeria, Callao/San Miguel. telefono.pe cita wayradistribution.com (solo en directorio, no se usa como sitio). [2026-09-30] Nombre: formato aplicado.",WAYRA DISTRIBUTION S.A
WAYRA SERVICIOS S.A.C.,No,Sí,0,,Sí,WAYRA SERVICIOS S.A.C.,,OK,Empresa,20510861982,,,,,media,"Actividades de correo/mensajeria, San Miguel. BAJA DE OFICIO segun universidadperu.com. No confundir con Wayra Servicios Corporativos SAC ni Wayra Services SAC. [2026-09-30] Nombre: formato aplicado. [2026-09-30] Revisado: baja-liquidacion aceptado.",WAYRA SERVICIOS SAC
WG SOLUCIONES INTEGRALES PARA SU EMPRESA S.A.C.,No,Sí,0,,,WG SOLUCIONES INTEGRALES PARA SU EMPRESA S.A.C.,,OK,Empresa,20546685463,,,,,alta,"Solo formato. ACTIVO/HABIDO segun ruc.pe; Los Olivos, venta mayorista. No confundir con WG Contratistas & Soluciones Integrales SAC. [2026-09-30] Nombre: formato aplicado.",WG SOLUCIONES INTEGRALES PARA SU EMPRESA S A C
WHODP COMUNICACION VISUAL S.A.C.,No,Sí,0,,,WHODP COMUNICACION VISUAL S.A.C.,,OK,Empresa,20523372247,,,,,alta,Solo formato. San Borja; agencia de comunicacion visual/desarrollo web (la misma del dominio whodp.com citado en el proyecto). Estado no confirmado en los resultados. [2026-09-30] Nombre: formato aplicado.,WHODP COMUNICACION VISUAL S.A.C
WILLIAM GUILLEN AGURTO,No,Sí,0,,,,,PERSONA_NATURAL,Persona natural,,,,,,,,WILLIAM GUILLEN AGURTO
X DIEZ INGENIEROS S.A.C.,Sí,Sí,0,,,X DIEZ INGENIEROS S.A.C.,,OK,Empresa,20521627698,https://xdiezingenieros.com/,,,,alta,SUNAT: X DIEZ INGENIEROS SOCIEDAD ANONIMA CERRADA. ACTIVO/HABIDO segun ruc.pe; La Victoria. Sitio visto en resultados de busqueda.,X DIEZ INGENIEROS S.A.C.
XPONE S.R.L.,No,Sí,0,,,XPONE S.R.L.,,OK,Empresa,20519421080,,,,,media,"Solo formato. Domicilio fiscal Av. Ignacio Merino 2466, Lince (tramitesperu/universidadperu); estado no confirmado explicitamente. [2026-09-30] Nombre: formato aplicado.",XPONE S R L
YOBEL SCM LOGISTICS S.A.,No,Sí,0,,,YOBEL SCM LOGISTICS S.A.,,CORREGIDO,Empresa,20100181534,,,,,alta,"Corregido SCM (estaba separado). Logistica/almacenamiento y transporte, Los Olivos. Existe Yobel Supply Chain Management S.A. (RUC 20100074029), posible nombre relacionado; estado no confirmado. [2026-09-30] Nombre: formato aplicado.",YOBEL S C M LOGISTICS S A
YOBEL SCM CARGO S.A.C.,No,Sí,0,,,YOBEL SCM CARGO S.A.C.,,OK,Empresa,20543571416,,,,,alta,"Solo formato. ACTIVO/HABIDO segun ruc.pe; transporte de carga y almacenamiento, Los Olivos. [2026-09-30] Nombre: formato aplicado.",YOBEL SCM CARGO SAC